timestamp,Battery,Humidity,Motion,Temperature
2025-10-03T07:25:12+03:00,3.066,63.4,1.0,26.51
2025-10-03T07:34:17+03:00,3.066,65.1,2.0,25.64
2025-10-03T07:35:47+03:00,3.067,65.5,3.0,25.58
2025-10-03T07:37:56+03:00,3.066,65.5,4.0,25.57
2025-10-03T07:38:02+03:00,3.065,66.2,6.0,25.6
2025-10-03T07:45:27+03:00,3.065,66.3,11.0,25.42
2025-10-03T07:45:37+03:00,3.066,66.7,13.0,25.41
2025-10-03T07:48:26+03:00,3.065,67.7,16.0,25.61
2025-10-03T07:53:55+03:00,3.067,66.1,19.0,25.61
2025-10-03T08:23:54+03:00,3.067,68.9,19.0,24.93
2025-10-03T08:53:54+03:00,3.067,69.7,19.0,24.86
2025-10-03T09:03:59+03:00,3.067,70.0,19.0,24.86
2025-10-03T09:13:59+03:00,3.068,70.3,19.0,24.74
2025-10-03T09:23:59+03:00,3.065,70.8,19.0,24.65
2025-10-03T09:33:58+03:00,3.067,71.2,19.0,24.58
2025-10-03T09:43:58+03:00,3.068,71.0,19.0,24.47
2025-10-03T09:53:58+03:00,3.067,71.3,19.0,24.45
2025-10-03T10:00:29+03:00,3.068,71.2,20.0,24.45
2025-10-03T10:03:18+03:00,3.067,70.9,26.0,24.51
2025-10-03T10:03:58+03:00,3.069,71.2,45.0,24.53
2025-10-03T10:12:18+03:00,3.067,71.1,51.0,24.41
2025-10-03T10:13:58+03:00,3.068,71.4,56.0,24.37
2025-10-03T10:14:19+03:00,3.067,71.3,57.0,24.38
2025-10-03T10:17:36+03:00,3.068,71.0,76.0,24.31
2025-10-03T10:19:41+03:00,3.067,71.2,99.0,24.32
2025-10-03T10:21:43+03:00,3.069,71.5,117.0,24.31
2025-10-03T10:23:47+03:00,3.067,71.4,133.0,24.32
2025-10-03T10:23:58+03:00,3.068,71.3,134.0,24.34
2025-10-03T10:32:28+03:00,3.068,71.6,151.0,24.38
2025-10-03T10:33:57+03:00,3.067,71.7,155.0,24.42
2025-10-03T10:43:57+03:00,3.068,71.4,155.0,24.53
2025-10-03T10:53:57+03:00,3.068,71.4,155.0,24.55
2025-10-03T11:03:57+03:00,3.069,71.4,155.0,24.62
2025-10-03T11:13:57+03:00,3.068,71.2,155.0,24.68
2025-10-03T11:23:57+03:00,3.068,71.1,155.0,24.74
2025-10-03T11:33:56+03:00,3.07,70.6,155.0,24.79
2025-10-03T11:43:56+03:00,3.068,70.9,155.0,24.83
2025-10-03T11:53:56+03:00,3.069,70.4,155.0,24.86
2025-10-03T12:03:56+03:00,3.069,70.3,155.0,24.9
2025-10-03T12:13:56+03:00,3.069,70.3,155.0,24.95
2025-10-03T12:23:55+03:00,3.07,70.0,155.0,25.03
2025-10-03T12:33:55+03:00,3.068,70.2,155.0,25.09
2025-10-03T12:43:55+03:00,3.07,70.1,155.0,25.14
2025-10-03T13:03:55+03:00,3.068,69.8,155.0,25.24
2025-10-03T13:13:55+03:00,3.069,69.6,155.0,25.31
2025-10-03T13:23:54+03:00,3.069,69.3,155.0,25.36
2025-10-03T13:33:54+03:00,3.071,68.9,155.0,25.41
2025-10-03T13:43:54+03:00,3.069,68.3,155.0,25.45
2025-10-03T13:53:54+03:00,3.068,68.0,155.0,25.5
2025-10-03T14:03:54+03:00,3.07,67.7,155.0,25.54
2025-10-03T14:13:54+03:00,3.069,68.1,155.0,25.52
2025-10-03T14:23:53+03:00,3.069,68.8,155.0,25.52
2025-10-03T14:33:53+03:00,3.068,68.2,155.0,25.54
2025-10-03T14:43:53+03:00,3.07,68.8,155.0,25.54
2025-10-03T14:53:53+03:00,3.069,67.7,155.0,25.54
2025-10-03T15:03:53+03:00,3.07,66.0,155.0,25.56
2025-10-03T15:13:53+03:00,3.067,66.0,155.0,25.57
2025-10-03T15:23:52+03:00,3.069,66.2,155.0,25.56
2025-10-03T15:33:52+03:00,3.071,66.5,155.0,25.56
2025-10-03T15:43:52+03:00,3.068,66.7,155.0,25.48
2025-10-03T15:53:52+03:00,3.071,67.4,155.0,25.45
2025-10-03T16:03:52+03:00,3.069,66.8,155.0,25.45
2025-10-03T16:13:51+03:00,3.07,65.1,155.0,25.44
2025-10-03T16:23:51+03:00,3.07,64.5,155.0,25.44
2025-10-03T16:33:51+03:00,3.069,63.7,155.0,25.41
2025-10-03T16:43:51+03:00,3.071,63.3,155.0,25.42
2025-10-03T16:53:51+03:00,3.071,64.0,155.0,25.41
2025-10-03T17:03:51+03:00,3.07,64.6,155.0,25.38
2025-10-03T17:13:50+03:00,3.07,65.7,155.0,25.36
2025-10-03T17:23:50+03:00,3.07,66.7,155.0,25.31
2025-10-03T17:33:50+03:00,3.07,67.5,155.0,25.3
2025-10-03T17:38:24+03:00,3.07,67.6,156.0,25.29
2025-10-03T17:40:49+03:00,3.071,68.1,167.0,25.29
2025-10-03T17:43:29+03:00,3.07,68.0,182.0,25.27
2025-10-03T17:43:50+03:00,3.071,68.0,182.0,25.29
2025-10-03T17:45:29+03:00,3.07,68.2,184.0,25.26
2025-10-03T17:47:31+03:00,3.07,68.2,191.0,25.27
2025-10-03T17:53:50+03:00,3.069,68.0,191.0,25.23
2025-10-03T18:03:50+03:00,3.071,68.6,191.0,25.13
2025-10-03T18:13:49+03:00,3.069,68.5,191.0,25.08
2025-10-03T18:23:49+03:00,3.069,69.0,191.0,25.1
2025-10-03T18:33:49+03:00,3.069,67.7,191.0,25.05
2025-10-03T18:43:49+03:00,3.069,65.4,191.0,24.89
2025-10-03T18:53:49+03:00,3.07,65.9,191.0,24.69
2025-10-03T19:03:49+03:00,3.07,66.5,191.0,24.68
2025-10-03T19:13:48+03:00,3.07,67.7,191.0,24.58
2025-10-03T19:23:48+03:00,3.071,69.3,191.0,24.69
2025-10-03T19:33:48+03:00,3.071,69.4,191.0,24.75
2025-10-03T19:43:48+03:00,3.07,70.1,191.0,24.81
2025-10-03T19:48:22+03:00,3.069,70.1,192.0,24.81
2025-10-03T19:53:48+03:00,3.07,70.1,193.0,24.85
2025-10-03T19:55:59+03:00,3.07,70.2,194.0,24.82
2025-10-03T20:03:47+03:00,3.07,70.0,195.0,24.81
2025-10-03T20:12:07+03:00,3.071,69.8,196.0,24.82
2025-10-03T20:13:47+03:00,3.071,69.8,197.0,24.83
2025-10-03T20:16:09+03:00,3.071,69.9,198.0,24.83
2025-10-03T20:18:11+03:00,3.071,69.8,219.0,24.85
2025-10-03T20:20:12+03:00,3.07,69.9,227.0,24.83
2025-10-03T20:22:20+03:00,3.071,69.8,231.0,24.83
2025-10-03T22:20:49+03:00,3.07,68.7,634.0,24.74
2025-10-03T22:23:46+03:00,3.069,68.7,634.0,24.71
2025-10-03T07:23:57.372953+03:00,3.066,62.3,0.0,26.75
2025-10-03T07:25:12.824344+03:00,3.066,63.4,1.0,26.51
2025-10-03T07:34:17.003882+03:00,3.066,65.1,2.0,25.64
2025-10-03T07:35:47.691592+03:00,3.067,65.5,3.0,25.58
2025-10-03T07:37:56.495918+03:00,3.066,65.5,4.0,25.57
2025-10-03T07:38:02.198726+03:00,3.065,66.2,6.0,25.6
2025-10-03T07:45:27.639374+03:00,3.065,66.3,11.0,25.42
2025-10-03T07:45:37.756841+03:00,3.066,66.7,13.0,25.41
2025-10-03T07:48:26.693364+03:00,3.065,67.7,16.0,25.61
2025-10-03T07:53:55.451206+03:00,3.067,66.1,19.0,25.61
2025-10-03T08:23:54.921887+03:00,3.067,68.9,19.0,24.93
2025-10-03T08:53:54.366310+03:00,3.067,69.7,19.0,24.86
2025-10-03T09:03:59.463279+03:00,3.067,70.0,19.0,24.86
2025-10-03T09:13:59.258305+03:00,3.068,70.3,19.0,24.74
2025-10-03T09:23:59.087959+03:00,3.065,70.8,19.0,24.65
2025-10-03T09:33:58.914972+03:00,3.067,71.2,19.0,24.58
2025-10-03T09:43:58.734940+03:00,3.068,71.0,19.0,24.47
2025-10-03T09:53:58.591584+03:00,3.067,71.3,19.0,24.45
2025-10-03T10:00:29.226513+03:00,3.068,71.2,20.0,24.45
2025-10-03T10:03:18.849492+03:00,3.067,70.9,26.0,24.51
2025-10-03T10:03:58.382360+03:00,3.069,71.2,45.0,24.53
2025-10-03T10:12:18.543743+03:00,3.067,71.1,51.0,24.41
2025-10-03T10:13:58.212546+03:00,3.068,71.4,56.0,24.37
2025-10-03T10:14:19.635316+03:00,3.067,71.3,57.0,24.38
2025-10-03T10:17:36.146787+03:00,3.068,71.0,76.0,24.31
2025-10-03T10:19:41.234179+03:00,3.067,71.2,99.0,24.32
2025-10-03T10:21:43.787308+03:00,3.069,71.5,117.0,24.31
2025-10-03T10:23:47.639038+03:00,3.067,71.4,133.0,24.32
2025-10-03T10:23:58.033254+03:00,3.068,71.3,134.0,24.34
2025-10-03T10:32:28.618573+03:00,3.068,71.6,151.0,24.38
2025-10-03T10:33:57.867560+03:00,3.067,71.7,155.0,24.42
2025-10-03T10:43:57.715862+03:00,3.068,71.4,155.0,24.53
2025-10-03T10:53:57.514836+03:00,3.068,71.4,155.0,24.55
2025-10-03T11:03:57.349467+03:00,3.069,71.4,155.0,24.62
2025-10-03T11:13:57.175838+03:00,3.068,71.2,155.0,24.68
2025-10-03T11:23:57.004919+03:00,3.068,71.1,155.0,24.74
2025-10-03T11:33:56.861052+03:00,3.07,70.6,155.0,24.79
2025-10-03T11:43:56.654639+03:00,3.068,70.9,155.0,24.83
2025-10-03T11:53:56.501234+03:00,3.069,70.4,155.0,24.86
2025-10-03T12:03:56.332755+03:00,3.069,70.3,155.0,24.9
2025-10-03T12:13:56.126761+03:00,3.069,70.3,155.0,24.95
2025-10-03T12:23:55.946013+03:00,3.07,70.0,155.0,25.03
2025-10-03T12:33:55.782782+03:00,3.068,70.2,155.0,25.09
2025-10-03T12:43:55.603769+03:00,3.07,70.1,155.0,25.14
2025-10-03T13:03:55.254301+03:00,3.068,69.8,155.0,25.24
2025-10-03T13:13:55.083807+03:00,3.069,69.6,155.0,25.31
2025-10-03T13:23:54.900991+03:00,3.069,69.3,155.0,25.36
2025-10-03T13:33:54.727573+03:00,3.071,68.9,155.0,25.41
2025-10-03T13:43:54.533642+03:00,3.069,68.3,155.0,25.45
2025-10-03T13:53:54.406573+03:00,3.068,68.0,155.0,25.5
2025-10-03T14:03:54.218266+03:00,3.07,67.7,155.0,25.54
2025-10-03T14:13:54.096110+03:00,3.069,68.1,155.0,25.52
2025-10-03T14:23:53.859761+03:00,3.069,68.8,155.0,25.52
2025-10-03T14:33:53.720417+03:00,3.068,68.2,155.0,25.54
2025-10-03T14:43:53.548019+03:00,3.07,68.8,155.0,25.54
2025-10-03T14:53:53.359254+03:00,3.069,67.7,155.0,25.54
2025-10-03T15:03:53.184437+03:00,3.07,66.0,155.0,25.56
2025-10-03T15:13:53.019865+03:00,3.067,66.0,155.0,25.57
2025-10-03T15:23:52.925621+03:00,3.069,66.2,155.0,25.56
2025-10-03T15:33:52.688344+03:00,3.071,66.5,155.0,25.56
2025-10-03T15:43:52.480237+03:00,3.068,66.7,155.0,25.48
2025-10-03T15:53:52.338382+03:00,3.071,67.4,155.0,25.45
2025-10-03T16:03:52.127717+03:00,3.069,66.8,155.0,25.45
2025-10-03T16:13:51.953459+03:00,3.07,65.1,155.0,25.44
2025-10-03T16:23:51.807962+03:00,3.07,64.5,155.0,25.44
2025-10-03T16:33:51.587178+03:00,3.069,63.7,155.0,25.41
2025-10-03T16:43:51.471714+03:00,3.071,63.3,155.0,25.42
2025-10-03T16:53:51.274363+03:00,3.071,64.0,155.0,25.41
2025-10-03T17:03:51.111744+03:00,3.07,64.6,155.0,25.38
2025-10-03T17:13:50.913224+03:00,3.07,65.7,155.0,25.36
2025-10-03T17:23:50.729187+03:00,3.07,66.7,155.0,25.31
2025-10-03T17:33:50.544684+03:00,3.07,67.5,155.0,25.3
2025-10-03T17:38:24.201761+03:00,3.07,67.6,156.0,25.29
2025-10-03T17:40:49.593674+03:00,3.071,68.1,167.0,25.29
2025-10-03T17:43:29.706136+03:00,3.07,68.0,182.0,25.27
2025-10-03T17:43:50.393363+03:00,3.071,68.0,182.0,25.29
2025-10-03T17:45:29.973483+03:00,3.07,68.2,184.0,25.26
2025-10-03T17:47:31.270760+03:00,3.07,68.2,191.0,25.27
2025-10-03T17:53:50.230240+03:00,3.069,68.0,191.0,25.23
2025-10-03T18:03:50.060299+03:00,3.071,68.6,191.0,25.13
2025-10-03T18:13:49.901404+03:00,3.069,68.5,191.0,25.08
2025-10-03T18:23:49.713810+03:00,3.069,69.0,191.0,25.1
2025-10-03T18:33:49.493771+03:00,3.069,67.7,191.0,25.05
2025-10-03T18:43:49.325720+03:00,3.069,65.4,191.0,24.89
2025-10-03T18:53:49.156018+03:00,3.07,65.9,191.0,24.69
2025-10-03T19:03:49.021199+03:00,3.07,66.5,191.0,24.68
2025-10-03T19:13:48.822448+03:00,3.07,67.7,191.0,24.58
2025-10-03T19:23:48.665984+03:00,3.071,69.3,191.0,24.69
2025-10-03T19:33:48.504216+03:00,3.071,69.4,191.0,24.75
2025-10-03T19:43:48.319043+03:00,3.07,70.1,191.0,24.81
2025-10-03T19:48:22.951464+03:00,3.069,70.1,192.0,24.81
2025-10-03T19:53:48.140669+03:00,3.07,70.1,193.0,24.85
2025-10-03T19:55:59.268187+03:00,3.07,70.2,194.0,24.82
2025-10-03T20:03:47.964898+03:00,3.07,70.0,195.0,24.81
2025-10-03T20:12:07.142832+03:00,3.071,69.8,196.0,24.82
2025-10-03T20:13:47.779940+03:00,3.071,69.8,197.0,24.83
2025-10-03T20:16:09.235590+03:00,3.071,69.9,198.0,24.83
2025-10-03T20:18:11.948637+03:00,3.071,69.8,219.0,24.85
2025-10-03T20:20:12.996595+03:00,3.07,69.9,227.0,24.83
2025-10-03T22:38:57.007451+03:00,3.07,69.3,672.0,24.72
2025-10-03T22:38:57+03:00,3.07,69.3,672.0,24.72
2025-10-05T03:03:15.548231+03:00,3.075,71.4,2347.0,25.13
2025-10-05T03:13:15.368012+03:00,3.073,71.4,2347.0,25.1
2025-10-05T03:23:15.194285+03:00,3.073,71.4,2347.0,25.09
2025-10-05T03:33:15.014095+03:00,3.073,71.4,2347.0,25.06
2025-10-05T03:43:14.846952+03:00,3.073,71.5,2347.0,25.02
2025-10-05T03:48:57.550869+03:00,3.073,71.5,2348.0,25.05
2025-10-05T03:53:14.658430+03:00,3.074,71.7,2357.0,25.03
2025-10-05T04:03:14.515328+03:00,3.075,71.9,2357.0,25.02
2025-10-05T04:13:14.316762+03:00,3.073,71.0,2357.0,24.99
2025-10-05T04:23:14.148069+03:00,3.074,71.0,2357.0,24.99
2025-10-05T04:33:13.979245+03:00,3.073,71.2,2357.0,24.95
2025-10-05T04:43:13.839436+03:00,3.073,70.1,2357.0,24.95
2025-10-05T04:53:13.656438+03:00,3.074,69.7,2357.0,24.92
2025-10-05T05:03:13.447931+03:00,3.075,69.6,2357.0,24.9
2025-10-05T05:04:19.072188+03:00,3.075,69.6,2358.0,24.92
2025-10-05T05:13:13.274475+03:00,3.075,69.4,2358.0,24.89
2025-10-05T05:23:13.116302+03:00,3.074,69.4,2358.0,24.83
2025-10-05T05:33:12.927062+03:00,3.075,69.0,2358.0,24.79
2025-10-05T05:43:12.754323+03:00,3.075,69.0,2358.0,24.81
2025-10-05T05:52:51.629914+03:00,3.075,69.1,2359.0,24.76
2025-10-05T05:53:12.573165+03:00,3.075,69.1,2359.0,24.75
2025-10-05T06:03:12.437969+03:00,3.073,69.1,2359.0,24.74
2025-10-05T06:13:12.256618+03:00,3.075,69.4,2359.0,24.74
2025-10-05T06:16:16.317352+03:00,3.073,69.4,2360.0,24.74
2025-10-05T06:23:12.088643+03:00,3.076,69.6,2361.0,24.76
2025-10-05T06:33:11.907113+03:00,3.076,69.6,2361.0,24.72
2025-10-05T06:43:11.741082+03:00,3.076,69.7,2361.0,24.71
2025-10-05T06:53:11.574159+03:00,3.074,69.8,2361.0,24.69
2025-10-05T07:03:11.365058+03:00,3.074,70.3,2361.0,24.68
2025-10-05T07:05:56.525421+03:00,3.074,70.4,2362.0,24.69
2025-10-05T07:13:11.195333+03:00,3.074,70.3,2362.0,24.68
2025-10-05T07:20:28.549846+03:00,3.073,70.4,2363.0,24.66
2025-10-05T07:22:57.792671+03:00,3.074,70.8,2364.0,24.68
2025-10-05T07:23:11.023771+03:00,3.075,70.8,2367.0,24.68
2025-10-05T07:28:20.547271+03:00,3.074,70.7,2372.0,24.69
2025-10-05T07:33:10.841325+03:00,3.074,70.8,2375.0,24.68
2025-10-05T07:40:48.371120+03:00,3.076,70.8,2376.0,24.64
2025-10-05T07:43:10.658937+03:00,3.076,70.8,2376.0,24.64
2025-10-05T07:43:44.066924+03:00,3.073,70.7,2377.0,24.66
2025-10-05T07:49:07.734764+03:00,3.073,70.9,2378.0,24.66
2025-10-05T07:51:22.892435+03:00,3.075,71.0,2390.0,24.65
2025-10-05T07:53:10.497848+03:00,3.074,70.9,2393.0,24.65
2025-10-05T07:53:30.622075+03:00,3.075,70.9,2398.0,24.68
2025-10-05T07:55:31.614155+03:00,3.073,70.9,2405.0,24.68
2025-10-05T07:57:31.647549+03:00,3.073,71.1,2415.0,24.66
2025-10-05T08:03:10.352932+03:00,3.076,71.3,2417.0,24.65
2025-10-05T08:05:19.991131+03:00,3.075,71.3,2418.0,24.66
2025-10-05T08:10:39.093144+03:00,3.074,71.4,2426.0,24.68
2025-10-05T08:12:51.388546+03:00,3.074,71.5,2432.0,24.65
2025-10-05T08:13:10.143436+03:00,3.073,71.5,2435.0,24.69
2025-10-05T08:15:51.842889+03:00,3.074,71.6,2445.0,24.71
2025-10-05T08:17:51.892867+03:00,3.074,71.4,2448.0,24.69
2025-10-05T08:19:57.350905+03:00,3.073,71.5,2465.0,24.69
2025-10-05T08:22:03.642077+03:00,3.072,71.3,2493.0,24.71
2025-10-05T08:23:10.009951+03:00,3.074,71.1,2508.0,24.72
2025-10-05T08:24:05.917739+03:00,3.075,71.0,2517.0,24.72
2025-10-05T08:26:46.023010+03:00,3.076,70.7,2519.0,24.72
2025-10-05T08:29:06.422739+03:00,3.074,70.7,2525.0,24.71
2025-10-05T08:33:09.830104+03:00,3.072,70.7,2535.0,24.69
2025-10-05T08:43:09.624284+03:00,3.074,70.8,2535.0,24.64
2025-10-05T08:45:47.644449+03:00,3.074,70.7,2536.0,24.65
2025-10-05T08:48:19.873439+03:00,3.075,70.8,2540.0,24.64
2025-10-05T08:53:09.449444+03:00,3.074,71.3,2544.0,24.64
2025-10-05T08:57:54.720200+03:00,3.075,71.5,2545.0,24.65
2025-10-05T09:01:00.295056+03:00,3.074,71.6,2549.0,24.65
2025-10-05T09:03:09.256871+03:00,3.075,71.8,2553.0,24.66
2025-10-05T09:13:09.097713+03:00,3.074,72.1,2553.0,24.71
2025-10-05T09:13:16.128694+03:00,3.073,72.0,2554.0,24.71
2025-10-05T09:15:15.055632+03:00,3.074,71.9,2570.0,24.72
2025-10-05T09:17:17.251516+03:00,3.073,71.7,2582.0,24.74
2025-10-05T09:19:38.558272+03:00,3.074,71.5,2600.0,24.76
2025-10-05T09:23:08.930465+03:00,3.074,70.7,2612.0,24.81
2025-10-05T09:27:09.493093+03:00,3.074,71.0,2613.0,24.78
2025-10-05T09:29:20.688181+03:00,3.074,71.0,2617.0,24.79
2025-10-05T09:31:28.681321+03:00,3.075,70.9,2624.0,24.82
2025-10-05T09:33:08.757766+03:00,3.073,71.0,2638.0,24.79
2025-10-05T09:36:40.716528+03:00,3.074,71.3,2641.0,24.79
2025-10-05T11:23:06.836089+03:00,3.074,72.6,2780.0,24.65
2025-10-05T11:25:35.947091+03:00,3.075,72.5,2781.0,24.65
2025-10-05T11:28:18.879724+03:00,3.073,72.3,2788.0,24.71
2025-10-05T11:31:50.321864+03:00,3.074,72.4,2795.0,24.72
2025-10-05T11:33:06.660065+03:00,3.074,72.7,2803.0,24.78
2025-10-05T11:34:28.145248+03:00,3.073,72.7,2804.0,24.78
2025-10-05T11:37:39.867413+03:00,3.074,73.0,2814.0,24.85
2025-10-05T11:43:06.499233+03:00,3.075,73.3,2820.0,24.95
2025-10-05T11:53:06.315274+03:00,3.072,72.3,2820.0,25.09
2025-10-05T12:01:21.323673+03:00,3.074,71.3,2821.0,25.13
2025-10-05T12:03:06.166596+03:00,3.074,71.0,2823.0,25.16
2025-10-05T12:13:05.988085+03:00,3.075,70.7,2823.0,25.26
2025-10-05T12:23:05.792743+03:00,3.074,71.5,2823.0,25.36
2025-10-05T12:33:05.624950+03:00,3.074,70.1,2823.0,25.48
2025-10-05T12:43:05.457628+03:00,3.073,70.6,2823.0,25.63
2025-10-05T12:52:57.048898+03:00,3.073,69.2,2824.0,25.69
2025-10-05T12:53:05.302230+03:00,3.074,69.3,2825.0,25.71
2025-10-05T12:55:02.506466+03:00,3.073,69.7,2835.0,25.74
2025-10-05T12:57:07.944451+03:00,3.074,70.2,2839.0,25.78
2025-10-05T13:03:05.133624+03:00,3.074,70.0,2842.0,25.81
2025-10-05T13:13:04.911329+03:00,3.076,70.2,2842.0,25.84
2025-10-05T13:16:14.798108+03:00,3.074,70.1,2843.0,25.82
2025-10-05T13:19:05.277396+03:00,3.073,70.6,2847.0,25.86
2025-10-06T20:42:32.000322+03:00,3.077,74.9,4919.0,24.1
2025-10-06T20:42:33+03:00,3.077,74.9,4919.0,24.1
2025-10-05T19:22:58.487242+03:00,3.075,70.3,3595.0,24.69
2025-10-05T19:32:58.298221+03:00,3.076,70.1,3595.0,24.65
2025-10-05T19:42:58.139752+03:00,3.074,70.7,3595.0,24.65
2025-10-05T19:45:56.216432+03:00,3.076,70.8,3596.0,24.64
2025-10-05T19:48:02.202598+03:00,3.074,70.7,3610.0,24.61
2025-10-05T19:50:04.300102+03:00,3.075,71.2,3624.0,24.61
2025-10-05T19:52:04.532594+03:00,3.075,71.4,3652.0,24.59
2025-10-05T19:52:57.966078+03:00,3.077,71.5,3661.0,24.62
2025-10-05T19:54:05.719484+03:00,3.073,71.6,3669.0,24.61
2025-10-05T19:56:11.094487+03:00,3.075,71.7,3695.0,24.65
2025-10-05T19:58:12.308686+03:00,3.074,71.8,3702.0,24.66
2025-10-05T20:00:15.199954+03:00,3.076,71.6,3713.0,24.69
2025-10-05T20:02:19.974047+03:00,3.075,71.4,3732.0,24.69
2025-10-05T20:02:57.782382+03:00,3.074,71.4,3737.0,24.72
2025-10-05T20:04:24.457006+03:00,3.075,71.6,3752.0,24.74
2025-10-05T21:12:56.560739+03:00,3.074,70.5,4201.0,24.87
2025-10-05T21:14:29.538411+03:00,3.075,70.6,4221.0,24.9
2025-10-05T21:18:38.153534+03:00,3.074,70.2,4264.0,24.89
2025-10-05T21:20:39.098815+03:00,3.074,70.5,4290.0,24.9
2025-10-05T21:22:41.961470+03:00,3.076,70.5,4308.0,24.9
2025-10-05T21:22:56.429992+03:00,3.074,70.5,4308.0,24.89
2025-10-05T21:24:46.419204+03:00,3.074,70.3,4324.0,24.87
2025-10-05T21:27:54.046946+03:00,3.074,69.8,4338.0,24.9
2025-10-05T21:30:34.923662+03:00,3.074,69.4,4346.0,24.9
2025-10-05T21:32:35.133409+03:00,3.075,69.6,4350.0,24.89
2025-10-05T21:32:56.270747+03:00,3.074,69.5,4351.0,24.89
2025-10-05T21:35:02.537731+03:00,3.073,69.5,4354.0,24.89
2025-10-05T21:37:05.845427+03:00,3.074,69.6,4376.0,24.89
2025-10-05T21:39:07.052033+03:00,3.075,69.5,4384.0,24.9
2025-10-05T21:42:56.053803+03:00,3.075,69.4,4400.0,24.92
2025-10-05T21:45:11.915542+03:00,3.073,69.3,4401.0,24.89
2025-10-05T21:52:50.086611+03:00,3.075,69.4,4412.0,24.86
2025-10-05T21:52:57.120809+03:00,3.075,69.3,4413.0,24.86
2025-10-05T21:56:35.782464+03:00,3.074,69.4,4419.0,24.85
2025-10-05T21:59:17.084990+03:00,3.075,69.5,4422.0,24.85
2025-10-05T22:02:55.735204+03:00,3.074,69.6,4426.0,24.83
2025-10-05T22:03:11.135734+03:00,3.074,69.7,4427.0,24.86
2025-10-05T22:05:55.179295+03:00,3.075,69.8,4428.0,24.83
2025-10-05T22:10:54.249089+03:00,3.073,69.9,4432.0,24.82
2025-10-05T22:12:55.536007+03:00,3.076,70.0,4440.0,24.82
2025-10-05T22:13:02.560027+03:00,3.075,70.1,4441.0,24.82
2025-10-05T22:15:03.685557+03:00,3.074,70.2,4460.0,24.82
2025-10-05T22:17:16.982848+03:00,3.074,69.9,4462.0,24.83
2025-10-05T22:19:20.864330+03:00,3.075,69.8,4465.0,24.85
2025-10-05T22:22:21.126152+03:00,3.074,69.6,4468.0,24.85
2025-10-05T22:22:55.347989+03:00,3.074,69.7,4473.0,24.83
2025-10-05T22:24:24.285995+03:00,3.077,69.8,4489.0,24.86
2025-10-05T22:26:28.247184+03:00,3.075,70.5,4515.0,24.85
2025-10-05T22:28:29.128601+03:00,3.074,70.4,4532.0,24.86
2025-10-05T22:30:29.480949+03:00,3.074,70.2,4550.0,24.87
2025-10-05T22:32:32.557161+03:00,3.074,70.3,4577.0,24.87
2025-10-05T22:32:55.203847+03:00,3.076,70.3,4582.0,24.86
2025-10-05T22:34:41.247018+03:00,3.075,70.9,4607.0,24.9
2025-10-05T22:42:54.994444+03:00,3.075,71.0,4607.0,24.85
2025-10-05T22:49:36.695426+03:00,3.076,70.5,4608.0,24.85
2025-10-05T22:52:54.843791+03:00,3.074,70.4,4617.0,24.82
2025-10-05T22:54:02.618571+03:00,3.076,70.6,4618.0,24.82
2025-10-05T22:56:59.727128+03:00,3.075,70.7,4622.0,24.83
2025-10-05T22:59:48.037660+03:00,3.075,70.8,4624.0,24.81
2025-10-05T23:01:58.171439+03:00,3.076,71.3,4632.0,24.81
2025-10-05T23:02:54.679873+03:00,3.073,71.2,4634.0,24.78
2025-10-05T23:07:24.244974+03:00,3.075,71.4,4638.0,24.79
2025-10-05T23:09:34.800584+03:00,3.077,71.3,4640.0,24.81
2025-10-05T23:11:44.087216+03:00,3.075,71.3,4646.0,24.78
2025-10-05T23:12:54.483947+03:00,3.076,71.4,4647.0,24.78
2025-10-05T23:14:30.352279+03:00,3.075,71.2,4648.0,24.76
2025-10-05T23:16:54.702376+03:00,3.076,71.2,4650.0,24.78
2025-10-05T23:22:54.303005+03:00,3.074,70.7,4651.0,24.74
2025-10-05T23:23:29.873933+03:00,3.074,70.7,4652.0,24.75
2025-10-05T23:32:54.174600+03:00,3.076,71.0,4653.0,24.74
2025-10-05T23:37:53.949881+03:00,3.073,70.7,4654.0,24.71
2025-10-05T23:41:59.821244+03:00,3.076,71.3,4655.0,24.69
2025-10-05T23:42:53.989431+03:00,3.075,71.4,4655.0,24.72
2025-10-05T23:49:09.542348+03:00,3.074,71.2,4656.0,24.68
2025-10-05T23:51:57.310186+03:00,3.074,71.2,4661.0,24.68
2025-10-05T23:52:53.842066+03:00,3.075,71.3,4665.0,24.68
2025-10-06T00:02:53.642805+03:00,3.077,71.0,4665.0,24.66
2025-10-06T00:12:53.465031+03:00,3.074,71.3,4665.0,24.64
2025-10-06T00:22:53.295778+03:00,3.074,71.4,4665.0,24.59
2025-10-06T00:32:53.120022+03:00,3.074,71.0,4665.0,24.59
2025-10-06T00:42:52.941315+03:00,3.075,69.9,4665.0,24.47
2025-10-06T00:52:52.774140+03:00,3.074,70.1,4665.0,24.44
2025-10-06T01:02:52.595126+03:00,3.075,70.5,4665.0,24.41
2025-10-06T01:06:49.244292+03:00,3.076,70.7,4666.0,24.38
2025-10-06T01:10:24.854730+03:00,3.077,71.0,4672.0,24.44
2025-10-06T01:12:52.418667+03:00,3.075,71.2,4672.0,24.41
2025-10-06T01:19:06.197681+03:00,3.075,71.3,4673.0,24.44
2025-10-06T01:21:20.576985+03:00,3.075,71.1,4678.0,24.44
2025-10-06T01:22:52.249226+03:00,3.074,70.6,4678.0,24.42
2025-10-06T01:26:44.820416+03:00,3.075,71.1,4679.0,24.44
2025-10-06T01:29:36.708584+03:00,3.075,71.1,4683.0,24.44
2025-10-06T01:32:32.835164+03:00,3.076,70.8,4685.0,24.45
2025-10-06T01:32:52.086893+03:00,3.075,70.9,4686.0,24.44
2025-10-06T01:35:03.957157+03:00,3.075,70.4,4692.0,24.42
2025-10-06T01:42:43.676822+03:00,3.075,70.4,4693.0,24.39
2025-10-06T01:42:51.908153+03:00,3.075,70.4,4693.0,24.39
2025-10-06T01:49:02.048292+03:00,3.075,70.8,4694.0,24.39
2025-10-06T01:52:51.716726+03:00,3.074,70.4,4696.0,24.38
2025-10-06T01:54:27.427020+03:00,3.077,70.1,4697.0,24.38
2025-10-06T02:02:51.565837+03:00,3.075,70.7,4698.0,24.35
2025-10-06T03:02:50.487828+03:00,3.074,71.4,4702.0,24.28
2025-10-06T03:05:48.759451+03:00,3.074,71.3,4703.0,24.3
2025-10-06T03:11:44.723887+03:00,3.075,71.3,4704.0,24.28
2025-10-06T03:12:50.302462+03:00,3.074,71.2,4704.0,24.28
2025-10-06T03:22:50.113929+03:00,3.075,71.6,4704.0,24.26
2025-10-06T03:32:49.962860+03:00,3.075,71.6,4704.0,24.26
2025-10-06T03:42:49.774929+03:00,3.074,71.8,4704.0,24.27
2025-10-06T03:52:49.604331+03:00,3.076,72.0,4704.0,24.26
2025-10-06T04:02:49.431137+03:00,3.076,72.0,4704.0,24.27
2025-10-06T04:02:56.461502+03:00,3.075,72.0,4705.0,24.27
2025-10-06T04:06:46.631872+03:00,3.075,71.9,4707.0,24.27
2025-10-06T04:09:29.819298+03:00,3.075,71.7,4709.0,24.26
2025-10-06T04:12:49.239088+03:00,3.075,71.8,4710.0,24.26
2025-10-06T04:22:49.060070+03:00,3.074,71.6,4710.0,24.24
2025-10-06T04:32:48.916258+03:00,3.074,71.8,4710.0,24.2
2025-10-06T04:42:48.732224+03:00,3.076,72.0,4710.0,24.17
2025-10-06T04:49:57.189152+03:00,3.074,72.2,4711.0,24.19
2025-10-06T04:52:48.571954+03:00,3.076,72.3,4712.0,24.19
2025-10-06T05:01:21.690021+03:00,3.074,72.3,4713.0,24.14
2025-10-06T05:02:48.378802+03:00,3.075,72.5,4713.0,24.14
2025-10-06T05:12:48.210181+03:00,3.075,72.7,4713.0,24.13
2025-10-06T05:22:48.032394+03:00,3.074,72.7,4713.0,24.11
2025-10-06T05:32:47.863132+03:00,3.075,72.6,4713.0,24.11
2025-10-06T05:34:05.358055+03:00,3.075,72.6,4714.0,24.09
2025-10-06T05:42:47.668580+03:00,3.075,72.3,4716.0,24.1
2025-10-06T05:52:47.512843+03:00,3.077,72.7,4716.0,24.09
2025-10-06T06:02:47.337880+03:00,3.075,72.7,4716.0,24.07
2025-10-06T06:12:47.158333+03:00,3.075,72.9,4716.0,24.06
2025-10-06T06:18:17.208833+03:00,3.075,72.9,4717.0,24.04
2025-10-06T06:20:46.754017+03:00,3.074,73.2,4718.0,24.06
2025-10-06T06:22:46.982132+03:00,3.074,73.3,4718.0,24.02
2025-10-06T06:25:07.456193+03:00,3.074,73.7,4719.0,24.03
2025-10-06T06:31:58.172850+03:00,3.075,73.8,4720.0,23.97
2025-10-06T06:32:46.817482+03:00,3.074,73.7,4728.0,23.99
2025-10-06T06:34:04.657587+03:00,3.075,74.1,4741.0,23.99
2025-10-06T06:39:10.882403+03:00,3.075,73.3,4747.0,24.0
2025-10-06T06:42:46.705876+03:00,3.076,73.6,4747.0,24.0
2025-10-06T06:45:22.116103+03:00,3.076,73.5,4748.0,23.95
2025-10-06T06:49:29.419953+03:00,3.076,74.3,4783.0,23.95
2025-10-06T06:51:29.901761+03:00,3.076,74.6,4807.0,23.96
2025-10-06T06:53:32.141792+03:00,3.074,74.6,4829.0,23.96
2025-10-06T06:58:02.757050+03:00,3.073,74.6,4847.0,23.97
2025-10-06T07:02:46.329035+03:00,3.075,74.4,4859.0,24.0
2025-10-06T07:05:06.410173+03:00,3.075,74.5,4879.0,24.0
2025-10-06T07:07:29.318701+03:00,3.075,74.3,4885.0,23.96
2025-10-06T07:09:29.273695+03:00,3.075,73.8,4898.0,23.93
2025-10-06T07:22:45.975465+03:00,3.075,73.8,4919.0,23.92
2025-10-06T07:32:45.792339+03:00,3.074,74.4,4919.0,23.82
2025-10-06T07:42:45.616817+03:00,3.075,74.7,4919.0,23.79
2025-10-06T07:52:45.442742+03:00,3.074,75.1,4919.0,23.77
2025-10-06T08:02:45.288209+03:00,3.076,74.9,4919.0,23.77
2025-10-06T08:12:45.114437+03:00,3.076,75.1,4919.0,23.76
2025-10-06T08:22:44.927615+03:00,3.074,75.1,4919.0,23.79
2025-10-06T08:32:44.760015+03:00,3.074,75.2,4919.0,23.83
2025-10-06T08:42:44.536911+03:00,3.075,75.1,4919.0,23.86
2025-10-06T08:52:44.368606+03:00,3.075,75.0,4919.0,23.84
2025-10-06T09:02:44.226233+03:00,3.075,74.7,4919.0,23.82
2025-10-06T09:12:44.061856+03:00,3.075,74.9,4919.0,23.8
2025-10-06T09:22:43.841736+03:00,3.075,74.8,4919.0,23.8
2025-10-06T09:32:43.723983+03:00,3.074,74.8,4919.0,23.79
2025-10-06T09:42:43.546386+03:00,3.075,75.2,4919.0,23.8
2025-10-06T09:52:43.327178+03:00,3.075,75.0,4919.0,23.87
2025-10-06T10:02:43.149468+03:00,3.076,74.7,4919.0,23.92
2025-10-06T10:12:43.011475+03:00,3.076,74.7,4919.0,23.95
2025-10-06T10:22:42.807702+03:00,3.075,74.4,4919.0,23.97
2025-10-06T10:32:42.653210+03:00,3.075,74.0,4919.0,24.02
2025-10-06T10:42:42.492544+03:00,3.075,73.8,4919.0,24.06
2025-10-06T10:52:42.321799+03:00,3.076,73.7,4919.0,24.13
2025-10-06T11:02:42.139631+03:00,3.075,73.9,4919.0,24.17
2025-10-06T11:12:41.926937+03:00,3.076,73.5,4919.0,24.23
2025-10-06T11:22:41.791810+03:00,3.074,73.0,4919.0,24.27
2025-10-06T11:32:41.587502+03:00,3.077,73.1,4919.0,24.31
2025-10-06T11:42:41.415528+03:00,3.076,73.0,4919.0,24.39
2025-10-06T11:52:41.224591+03:00,3.075,72.8,4919.0,24.42
2025-10-06T12:02:41.058914+03:00,3.075,72.6,4919.0,24.47
2025-10-06T12:12:40.941827+03:00,3.076,72.1,4919.0,24.54
2025-10-06T12:22:40.722840+03:00,3.077,72.1,4919.0,24.54
2025-10-06T12:32:40.529527+03:00,3.075,71.9,4919.0,24.61
2025-10-06T12:42:40.365936+03:00,3.076,72.1,4919.0,24.62
2025-10-06T12:52:40.187989+03:00,3.077,72.5,4919.0,24.65
2025-10-06T13:02:40.001927+03:00,3.076,73.0,4919.0,24.71
2025-10-06T13:12:39.835317+03:00,3.074,72.9,4919.0,24.74
2025-10-06T13:22:39.663674+03:00,3.077,71.8,4919.0,24.76
2025-10-06T13:32:39.529354+03:00,3.075,70.9,4919.0,24.74
2025-10-06T13:42:39.347377+03:00,3.075,71.7,4919.0,24.64
2025-10-06T13:52:39.236066+03:00,3.075,72.5,4919.0,24.64
2025-10-06T14:02:39.006743+03:00,3.076,72.3,4919.0,24.51
2025-10-06T14:12:38.832345+03:00,3.076,72.9,4919.0,24.26
2025-10-06T14:22:38.653622+03:00,3.076,73.3,4919.0,24.09
2025-10-06T14:32:38.490105+03:00,3.076,73.4,4919.0,24.17
2025-10-06T14:42:38.300373+03:00,3.076,73.6,4919.0,24.23
2025-10-06T14:52:38.154738+03:00,3.076,72.8,4919.0,24.2
2025-10-06T15:02:38.010301+03:00,3.076,72.4,4919.0,24.14
2025-10-06T15:12:37.781382+03:00,3.076,71.7,4919.0,24.17
2025-10-06T15:22:37.613438+03:00,3.076,70.2,4919.0,24.1
2025-10-06T15:32:37.444238+03:00,3.076,70.4,4919.0,24.0
2025-10-06T15:42:37.225122+03:00,3.076,70.7,4919.0,24.03
2025-10-06T15:52:37.055811+03:00,3.075,70.3,4919.0,24.04
2025-10-06T16:02:36.879080+03:00,3.076,70.7,4919.0,23.99
2025-10-06T16:12:36.708721+03:00,3.076,71.7,4919.0,23.83
2025-10-07T19:22:08.328936+03:00,3.075,70.4,5868.0,24.89
2025-10-07T19:32:08.121101+03:00,3.077,70.8,5868.0,24.76
2025-10-05T21:12:56+03:00,3.074,70.5,4201.0,24.87
2025-10-05T21:14:29+03:00,3.075,70.6,4221.0,24.9
2025-10-05T21:18:38+03:00,3.074,70.2,4264.0,24.89
2025-10-05T21:20:39+03:00,3.074,70.5,4290.0,24.9
2025-10-05T21:22:41+03:00,3.076,70.5,4308.0,24.9
2025-10-05T21:22:56+03:00,3.074,70.5,4308.0,24.89
2025-10-05T21:24:46+03:00,3.074,70.3,4324.0,24.87
2025-10-05T21:27:54+03:00,3.074,69.8,4338.0,24.9
2025-10-05T21:30:34+03:00,3.074,69.4,4346.0,24.9
2025-10-05T21:32:35+03:00,3.075,69.6,4350.0,24.89
2025-10-05T21:32:56+03:00,3.074,69.5,4351.0,24.89
2025-10-05T21:35:02+03:00,3.073,69.5,4354.0,24.89
2025-10-05T21:37:05+03:00,3.074,69.6,4376.0,24.89
2025-10-05T21:39:07+03:00,3.075,69.5,4384.0,24.9
2025-10-05T21:42:56+03:00,3.075,69.4,4400.0,24.92
2025-10-05T21:45:11+03:00,3.073,69.3,4401.0,24.89
2025-10-05T21:52:50+03:00,3.075,69.4,4412.0,24.86
2025-10-05T21:52:57+03:00,3.075,69.3,4413.0,24.86
2025-10-05T21:56:35+03:00,3.074,69.4,4419.0,24.85
2025-10-05T21:59:17+03:00,3.075,69.5,4422.0,24.85
2025-10-05T22:02:55+03:00,3.074,69.6,4426.0,24.83
2025-10-05T22:03:11+03:00,3.074,69.7,4427.0,24.86
2025-10-05T22:05:55+03:00,3.075,69.8,4428.0,24.83
2025-10-05T22:10:54+03:00,3.073,69.9,4432.0,24.82
2025-10-05T22:12:55+03:00,3.076,70.0,4440.0,24.82
2025-10-05T22:13:02+03:00,3.075,70.1,4441.0,24.82
2025-10-05T22:15:03+03:00,3.074,70.2,4460.0,24.82
2025-10-05T22:17:16+03:00,3.074,69.9,4462.0,24.83
2025-10-05T22:19:20+03:00,3.075,69.8,4465.0,24.85
2025-10-05T22:22:21+03:00,3.074,69.6,4468.0,24.85
2025-10-05T22:22:55+03:00,3.074,69.7,4473.0,24.83
2025-10-05T22:24:24+03:00,3.077,69.8,4489.0,24.86
2025-10-05T22:26:28+03:00,3.075,70.5,4515.0,24.85
2025-10-05T22:28:29+03:00,3.074,70.4,4532.0,24.86
2025-10-05T22:30:29+03:00,3.074,70.2,4550.0,24.87
2025-10-05T22:32:32+03:00,3.074,70.3,4577.0,24.87
2025-10-05T22:32:55+03:00,3.076,70.3,4582.0,24.86
2025-10-05T22:34:41+03:00,3.075,70.9,4607.0,24.9
2025-10-05T22:42:54+03:00,3.075,71.0,4607.0,24.85
2025-10-05T22:49:36+03:00,3.076,70.5,4608.0,24.85
2025-10-05T22:52:54+03:00,3.074,70.4,4617.0,24.82
2025-10-05T22:54:02+03:00,3.076,70.6,4618.0,24.82
2025-10-05T22:56:59+03:00,3.075,70.7,4622.0,24.83
2025-10-05T22:59:48+03:00,3.075,70.8,4624.0,24.81
2025-10-05T23:01:58+03:00,3.076,71.3,4632.0,24.81
2025-10-05T23:02:54+03:00,3.073,71.2,4634.0,24.78
2025-10-05T23:07:24+03:00,3.075,71.4,4638.0,24.79
2025-10-05T23:09:34+03:00,3.077,71.3,4640.0,24.81
2025-10-05T23:11:44+03:00,3.075,71.3,4646.0,24.78
2025-10-05T23:12:54+03:00,3.076,71.4,4647.0,24.78
2025-10-05T23:14:30+03:00,3.075,71.2,4648.0,24.76
2025-10-05T23:16:54+03:00,3.076,71.2,4650.0,24.78
2025-10-05T23:22:54+03:00,3.074,70.7,4651.0,24.74
2025-10-05T23:23:29+03:00,3.074,70.7,4652.0,24.75
2025-10-05T23:32:54+03:00,3.076,71.0,4653.0,24.74
2025-10-05T23:37:53+03:00,3.073,70.7,4654.0,24.71
2025-10-05T23:41:59+03:00,3.076,71.3,4655.0,24.69
2025-10-05T23:42:53+03:00,3.075,71.4,4655.0,24.72
2025-10-05T23:49:09+03:00,3.074,71.2,4656.0,24.68
2025-10-05T23:51:57+03:00,3.074,71.2,4661.0,24.68
2025-10-05T23:52:53+03:00,3.075,71.3,4665.0,24.68
2025-10-06T00:02:53+03:00,3.077,71.0,4665.0,24.66
2025-10-06T00:12:53+03:00,3.074,71.3,4665.0,24.64
2025-10-06T00:22:53+03:00,3.074,71.4,4665.0,24.59
2025-10-06T00:32:53+03:00,3.074,71.0,4665.0,24.59
2025-10-06T00:42:52+03:00,3.075,69.9,4665.0,24.47
2025-10-06T00:52:52+03:00,3.074,70.1,4665.0,24.44
2025-10-06T01:02:52+03:00,3.075,70.5,4665.0,24.41
2025-10-06T01:06:49+03:00,3.076,70.7,4666.0,24.38
2025-10-06T01:10:24+03:00,3.077,71.0,4672.0,24.44
2025-10-06T01:12:52+03:00,3.075,71.2,4672.0,24.41
2025-10-06T01:19:06+03:00,3.075,71.3,4673.0,24.44
2025-10-06T01:21:20+03:00,3.075,71.1,4678.0,24.44
2025-10-06T01:22:52+03:00,3.074,70.6,4678.0,24.42
2025-10-06T01:26:44+03:00,3.075,71.1,4679.0,24.44
2025-10-06T01:29:36+03:00,3.075,71.1,4683.0,24.44
2025-10-06T01:32:32+03:00,3.076,70.8,4685.0,24.45
2025-10-06T01:32:52+03:00,3.075,70.9,4686.0,24.44
2025-10-06T01:35:03+03:00,3.075,70.4,4692.0,24.42
2025-10-06T01:42:43+03:00,3.075,70.4,4693.0,24.39
2025-10-06T01:42:51+03:00,3.075,70.4,4693.0,24.39
2025-10-06T01:49:02+03:00,3.075,70.8,4694.0,24.39
2025-10-06T01:52:51+03:00,3.074,70.4,4696.0,24.38
2025-10-06T01:54:27+03:00,3.077,70.1,4697.0,24.38
2025-10-06T02:02:51+03:00,3.075,70.7,4698.0,24.35
2025-10-06T03:02:50+03:00,3.074,71.4,4702.0,24.28
2025-10-06T03:05:48+03:00,3.074,71.3,4703.0,24.3
2025-10-06T03:11:44+03:00,3.075,71.3,4704.0,24.28
2025-10-06T03:12:50+03:00,3.074,71.2,4704.0,24.28
2025-10-06T03:22:50+03:00,3.075,71.6,4704.0,24.26
2025-10-06T03:32:49+03:00,3.075,71.6,4704.0,24.26
2025-10-06T03:42:49+03:00,3.074,71.8,4704.0,24.27
2025-10-06T03:52:49+03:00,3.076,72.0,4704.0,24.26
2025-10-06T04:02:49+03:00,3.076,72.0,4704.0,24.27
2025-10-06T04:02:56+03:00,3.075,72.0,4705.0,24.27
2025-10-06T04:06:46+03:00,3.075,71.9,4707.0,24.27
2025-10-06T04:09:29+03:00,3.075,71.7,4709.0,24.26
2025-10-06T04:12:49+03:00,3.075,71.8,4710.0,24.26
2025-10-06T04:22:49+03:00,3.074,71.6,4710.0,24.24
2025-10-06T04:32:48+03:00,3.074,71.8,4710.0,24.2
2025-10-06T04:42:48+03:00,3.076,72.0,4710.0,24.17
2025-10-06T04:49:57+03:00,3.074,72.2,4711.0,24.19
2025-10-06T04:52:48+03:00,3.076,72.3,4712.0,24.19
2025-10-06T05:01:21+03:00,3.074,72.3,4713.0,24.14
2025-10-06T05:02:48+03:00,3.075,72.5,4713.0,24.14
2025-10-06T05:12:48+03:00,3.075,72.7,4713.0,24.13
2025-10-06T05:22:48+03:00,3.074,72.7,4713.0,24.11
2025-10-06T05:32:47+03:00,3.075,72.6,4713.0,24.11
2025-10-06T05:34:05+03:00,3.075,72.6,4714.0,24.09
2025-10-06T05:42:47+03:00,3.075,72.3,4716.0,24.1
2025-10-06T05:52:47+03:00,3.077,72.7,4716.0,24.09
2025-10-06T06:02:47+03:00,3.075,72.7,4716.0,24.07
2025-10-06T06:12:47+03:00,3.075,72.9,4716.0,24.06
2025-10-06T06:18:17+03:00,3.075,72.9,4717.0,24.04
2025-10-06T06:20:46+03:00,3.074,73.2,4718.0,24.06
2025-10-06T06:22:46+03:00,3.074,73.3,4718.0,24.02
2025-10-06T06:25:07+03:00,3.074,73.7,4719.0,24.03
2025-10-06T06:31:58+03:00,3.075,73.8,4720.0,23.97
2025-10-06T06:32:46+03:00,3.074,73.7,4728.0,23.99
2025-10-06T06:34:04+03:00,3.075,74.1,4741.0,23.99
2025-10-06T06:39:10+03:00,3.075,73.3,4747.0,24.0
2025-10-06T06:42:46+03:00,3.076,73.6,4747.0,24.0
2025-10-06T06:45:22+03:00,3.076,73.5,4748.0,23.95
2025-10-06T06:49:29+03:00,3.076,74.3,4783.0,23.95
2025-10-06T06:51:29+03:00,3.076,74.6,4807.0,23.96
2025-10-06T06:53:32+03:00,3.074,74.6,4829.0,23.96
2025-10-06T06:58:02+03:00,3.073,74.6,4847.0,23.97
2025-10-06T07:02:46+03:00,3.075,74.4,4859.0,24.0
2025-10-06T07:05:06+03:00,3.075,74.5,4879.0,24.0
2025-10-06T07:07:29+03:00,3.075,74.3,4885.0,23.96
2025-10-06T07:09:29+03:00,3.075,73.8,4898.0,23.93
2025-10-06T07:22:45+03:00,3.075,73.8,4919.0,23.92
2025-10-06T07:32:45+03:00,3.074,74.4,4919.0,23.82
2025-10-06T07:42:45+03:00,3.075,74.7,4919.0,23.79
2025-10-06T07:52:45+03:00,3.074,75.1,4919.0,23.77
2025-10-06T08:02:45+03:00,3.076,74.9,4919.0,23.77
2025-10-06T08:12:45+03:00,3.076,75.1,4919.0,23.76
2025-10-06T08:22:44+03:00,3.074,75.1,4919.0,23.79
2025-10-06T08:32:44+03:00,3.074,75.2,4919.0,23.83
2025-10-06T08:42:44+03:00,3.075,75.1,4919.0,23.86
2025-10-06T08:52:44+03:00,3.075,75.0,4919.0,23.84
2025-10-06T09:02:44+03:00,3.075,74.7,4919.0,23.82
2025-10-06T09:12:44+03:00,3.075,74.9,4919.0,23.8
2025-10-06T09:22:43+03:00,3.075,74.8,4919.0,23.8
2025-10-06T09:32:43+03:00,3.074,74.8,4919.0,23.79
2025-10-06T09:42:43+03:00,3.075,75.2,4919.0,23.8
2025-10-06T09:52:43+03:00,3.075,75.0,4919.0,23.87
2025-10-06T10:02:43+03:00,3.076,74.7,4919.0,23.92
2025-10-06T10:12:43+03:00,3.076,74.7,4919.0,23.95
2025-10-06T10:22:42+03:00,3.075,74.4,4919.0,23.97
2025-10-06T10:32:42+03:00,3.075,74.0,4919.0,24.02
2025-10-06T10:42:42+03:00,3.075,73.8,4919.0,24.06
2025-10-06T10:52:42+03:00,3.076,73.7,4919.0,24.13
2025-10-06T11:02:42+03:00,3.075,73.9,4919.0,24.17
2025-10-06T11:12:41+03:00,3.076,73.5,4919.0,24.23
2025-10-06T11:22:41+03:00,3.074,73.0,4919.0,24.27
2025-10-06T11:32:41+03:00,3.077,73.1,4919.0,24.31
2025-10-06T11:42:41+03:00,3.076,73.0,4919.0,24.39
2025-10-06T11:52:41+03:00,3.075,72.8,4919.0,24.42
2025-10-06T12:02:41+03:00,3.075,72.6,4919.0,24.47
2025-10-06T12:12:40+03:00,3.076,72.1,4919.0,24.54
2025-10-06T12:22:40+03:00,3.077,72.1,4919.0,24.54
2025-10-06T12:32:40+03:00,3.075,71.9,4919.0,24.61
2025-10-06T12:42:40+03:00,3.076,72.1,4919.0,24.62
2025-10-06T12:52:40+03:00,3.077,72.5,4919.0,24.65
2025-10-06T13:02:40+03:00,3.076,73.0,4919.0,24.71
2025-10-06T13:12:39+03:00,3.074,72.9,4919.0,24.74
2025-10-06T13:22:39+03:00,3.077,71.8,4919.0,24.76
2025-10-06T13:32:39+03:00,3.075,70.9,4919.0,24.74
2025-10-06T13:42:39+03:00,3.075,71.7,4919.0,24.64
2025-10-06T13:52:39+03:00,3.075,72.5,4919.0,24.64
2025-10-06T14:02:39+03:00,3.076,72.3,4919.0,24.51
2025-10-06T14:12:38+03:00,3.076,72.9,4919.0,24.26
2025-10-06T14:22:38+03:00,3.076,73.3,4919.0,24.09
2025-10-06T14:32:38+03:00,3.076,73.4,4919.0,24.17
2025-10-06T14:42:38+03:00,3.076,73.6,4919.0,24.23
2025-10-06T14:52:38+03:00,3.076,72.8,4919.0,24.2
2025-10-06T15:02:38+03:00,3.076,72.4,4919.0,24.14
2025-10-06T15:12:37+03:00,3.076,71.7,4919.0,24.17
2025-10-06T15:22:37+03:00,3.076,70.2,4919.0,24.1
2025-10-06T15:32:37+03:00,3.076,70.4,4919.0,24.0
2025-10-06T15:42:37+03:00,3.076,70.7,4919.0,24.03
2025-10-06T15:52:37+03:00,3.075,70.3,4919.0,24.04
2025-10-06T16:02:36+03:00,3.076,70.7,4919.0,23.99
2025-10-06T16:12:36+03:00,3.076,71.7,4919.0,23.83
2025-10-07T19:22:09+03:00,3.075,70.4,5868.0,24.89
2025-10-07T19:32:09+03:00,3.077,70.8,5868.0,24.76
2025-10-09T13:11:24.627215+03:00,3.08,66.6,7064.0,25.2
2025-10-09T13:21:24.433807+03:00,3.079,67.2,7064.0,25.23
2025-10-09T13:31:24.265677+03:00,3.077,67.5,7064.0,25.27
2025-10-09T13:41:24.078489+03:00,3.078,67.3,7064.0,25.36
2025-10-09T13:51:23.954124+03:00,3.079,67.8,7064.0,25.37
2025-10-09T14:01:23.768007+03:00,3.079,67.7,7064.0,25.45
2025-10-09T14:11:23.596906+03:00,3.079,67.6,7064.0,25.48
2025-10-09T14:21:23.406362+03:00,3.078,67.6,7064.0,25.56
2025-10-09T14:31:23.235876+03:00,3.078,66.7,7064.0,25.58
2025-10-09T14:41:23.069418+03:00,3.079,66.5,7064.0,25.64
2025-10-09T14:51:22.906441+03:00,3.08,65.8,7064.0,25.63
2025-10-09T15:01:22.727164+03:00,3.078,65.6,7064.0,25.65
2025-10-09T15:11:22.543588+03:00,3.079,65.3,7064.0,25.69
2025-10-09T15:21:22.371025+03:00,3.079,65.2,7064.0,25.72
2025-10-09T15:31:22.207594+03:00,3.079,65.3,7064.0,25.72
2025-10-09T15:41:22.046385+03:00,3.076,65.3,7064.0,25.72
2025-10-09T15:51:21.854715+03:00,3.078,65.6,7064.0,25.76
2025-10-09T16:01:21.668557+03:00,3.08,65.8,7064.0,25.75
2025-10-09T16:11:21.512123+03:00,3.078,65.4,7064.0,25.78
2025-10-09T16:21:21.323511+03:00,3.079,65.3,7064.0,25.78
2025-10-09T16:31:21.135568+03:00,3.076,65.2,7064.0,25.82
2025-10-09T16:41:20.949552+03:00,3.08,64.6,7064.0,25.81
2025-10-09T16:51:20.936972+03:00,3.079,64.1,7064.0,25.81
2025-10-09T17:01:20.601004+03:00,3.08,64.0,7064.0,25.82
2025-10-09T17:11:20.435050+03:00,3.08,64.2,7064.0,25.82
2025-10-09T17:21:20.257058+03:00,3.079,63.8,7064.0,25.82
2025-10-09T17:31:20.120163+03:00,3.079,63.9,7064.0,25.81
2025-10-09T17:41:19.946481+03:00,3.079,64.3,7064.0,25.81
2025-10-09T17:51:19.767040+03:00,3.079,64.0,7064.0,25.76
2025-10-09T18:01:19.587675+03:00,3.079,63.5,7064.0,25.76
2025-10-09T18:11:19.418180+03:00,3.079,63.7,7064.0,25.75
2025-10-09T18:21:19.215235+03:00,3.078,64.0,7064.0,25.71
2025-10-09T18:31:19.041837+03:00,3.08,64.1,7064.0,25.67
2025-10-09T18:41:18.867839+03:00,3.079,64.4,7064.0,25.64
2025-10-09T18:51:18.732069+03:00,3.08,64.7,7064.0,25.54
2025-10-09T19:01:18.559861+03:00,3.08,65.0,7064.0,25.56
2025-10-09T19:11:18.376169+03:00,3.079,65.6,7064.0,25.56
2025-10-09T19:21:18.198565+03:00,3.078,65.9,7064.0,25.6
2025-10-09T19:31:18.026152+03:00,3.078,66.4,7064.0,25.56
2025-10-09T19:41:17.849442+03:00,3.08,66.4,7064.0,25.57
2025-10-09T19:51:17.649619+03:00,3.079,66.6,7064.0,25.6
2025-10-09T20:01:17.508328+03:00,3.079,66.7,7064.0,25.6
2025-10-09T20:11:17.326847+03:00,3.08,66.8,7064.0,25.61
2025-10-09T20:21:17.158911+03:00,3.079,67.1,7064.0,25.64
2025-10-09T20:31:16.978462+03:00,3.079,67.3,7064.0,25.69
2025-10-09T20:41:16.793488+03:00,3.079,67.3,7064.0,25.65
2025-10-09T20:51:16.615337+03:00,3.079,67.1,7064.0,25.64
2025-10-09T21:01:16.433151+03:00,3.08,67.1,7064.0,25.65
2025-10-09T21:11:16.274976+03:00,3.08,67.7,7064.0,25.68
2025-10-09T21:21:16.084723+03:00,3.079,68.0,7064.0,25.68
2025-10-09T21:31:15.931625+03:00,3.08,67.7,7064.0,25.68
2025-10-09T21:41:15.735291+03:00,3.079,68.2,7064.0,25.67
2025-10-09T21:51:15.564641+03:00,3.078,69.0,7064.0,25.68
2025-10-09T22:01:15.418770+03:00,3.08,68.7,7064.0,25.68
2025-10-09T22:11:15.236072+03:00,3.08,68.0,7064.0,25.67
2025-10-09T22:21:15.027615+03:00,3.078,68.7,7064.0,25.67
2025-10-09T22:31:14.860326+03:00,3.08,69.1,7064.0,25.69
2025-10-09T22:41:14.734380+03:00,3.08,69.2,7064.0,25.65
2025-10-09T22:51:14.512651+03:00,3.079,68.8,7064.0,25.65
2025-10-09T23:01:14.382976+03:00,3.081,68.8,7064.0,25.63
2025-10-09T23:11:14.193016+03:00,3.08,69.3,7064.0,25.63
2025-10-09T23:21:13.998734+03:00,3.079,69.5,7064.0,25.63
2025-10-09T23:31:13.868459+03:00,3.079,69.1,7064.0,25.6
2025-10-09T23:41:13.647503+03:00,3.079,69.4,7064.0,25.6
2025-10-09T23:51:13.507394+03:00,3.08,69.3,7064.0,25.6
2025-10-10T00:01:13.297215+03:00,3.08,69.3,7064.0,25.57
2025-10-10T00:11:13.116737+03:00,3.08,69.2,7064.0,25.52
2025-10-10T00:21:12.946483+03:00,3.08,69.4,7064.0,25.51
2025-10-10T00:31:12.806731+03:00,3.08,69.4,7064.0,25.5
2025-10-10T00:41:12.617209+03:00,3.08,69.7,7064.0,25.47
2025-10-10T00:51:12.417047+03:00,3.081,69.8,7064.0,25.41
2025-10-10T01:01:12.248903+03:00,3.08,70.1,7064.0,25.38
2025-10-10T01:11:12.077417+03:00,3.079,69.5,7064.0,25.36
2025-10-10T01:21:11.902184+03:00,3.08,70.0,7064.0,25.33
2025-10-10T01:31:11.734042+03:00,3.08,70.0,7064.0,25.31
2025-10-10T01:41:11.556819+03:00,3.079,69.8,7064.0,25.3
2025-10-10T01:51:11.427925+03:00,3.08,69.9,7064.0,25.24
2025-10-10T02:01:11.253297+03:00,3.081,69.7,7064.0,25.23
2025-10-10T02:11:11.079914+03:00,3.08,69.1,7064.0,25.17
2025-10-10T02:21:10.909160+03:00,3.079,68.9,7064.0,25.06
2025-10-10T02:31:10.715998+03:00,3.081,69.4,7064.0,24.96
2025-10-10T02:41:10.535120+03:00,3.08,69.7,7064.0,24.96
2025-10-10T02:51:10.379294+03:00,3.08,70.0,7064.0,24.92
2025-10-10T03:01:10.213291+03:00,3.08,70.2,7064.0,24.9
2025-10-10T03:11:10.023492+03:00,3.08,70.3,7064.0,24.89
2025-10-10T03:21:09.852238+03:00,3.082,70.5,7064.0,24.9
2025-10-10T03:31:09.667845+03:00,3.081,70.7,7064.0,24.89
2025-10-10T03:41:09.505807+03:00,3.079,70.8,7064.0,24.89
2025-10-10T03:51:09.322489+03:00,3.08,70.8,7064.0,24.89
2025-10-10T04:01:09.164445+03:00,3.08,71.1,7064.0,24.9
2025-10-10T04:11:08.974685+03:00,3.079,71.5,7064.0,24.92
2025-10-10T04:21:08.807956+03:00,3.081,71.4,7064.0,24.9
2025-10-10T04:31:08.624981+03:00,3.078,71.7,7064.0,24.9
2025-10-10T04:41:08.463817+03:00,3.079,71.6,7064.0,24.87
2025-10-10T04:51:08.281602+03:00,3.079,71.3,7064.0,24.87
2025-10-10T05:01:08.114782+03:00,3.079,71.1,7064.0,24.86
2025-10-10T05:11:07.915645+03:00,3.079,71.2,7064.0,24.86
2025-10-10T05:21:07.721259+03:00,3.081,71.1,7064.0,24.83
2025-10-10T05:31:07.565477+03:00,3.079,71.0,7064.0,24.85
2025-10-10T05:41:07.394082+03:00,3.081,71.1,7064.0,24.81
2025-09-26T08:20:17+03:00,3.087,64.2,19151.0,24.42
2025-09-26T08:29:41+03:00,3.088,64.3,19152.0,24.47
2025-09-26T11:50:17+03:00,3.086,64.9,19156.0,24.51
2025-10-03T10:23:57+03:00,3.066,62.3,0.0,26.75
2025-10-03T10:25:12+03:00,3.066,63.4,1.0,26.51
2025-10-03T10:34:17+03:00,3.066,65.1,2.0,25.64
2025-10-03T10:35:47+03:00,3.067,65.5,3.0,25.58
2025-10-03T10:37:56+03:00,3.066,65.5,4.0,25.57
2025-10-03T10:38:02+03:00,3.065,66.2,6.0,25.6
2025-10-03T10:45:27+03:00,3.065,66.3,11.0,25.42
2025-10-03T10:45:37+03:00,3.066,66.7,13.0,25.41
2025-10-03T10:48:26+03:00,3.065,67.7,16.0,25.61
2025-10-03T10:53:55+03:00,3.067,66.1,19.0,25.61
2025-10-03T11:23:54+03:00,3.067,68.9,19.0,24.93
2025-10-03T11:53:54+03:00,3.067,69.7,19.0,24.86
2025-10-03T12:03:59+03:00,3.067,70.0,19.0,24.86
2025-10-03T12:13:59+03:00,3.068,70.3,19.0,24.74
2025-10-03T12:23:59+03:00,3.065,70.8,19.0,24.65
2025-10-03T12:33:58+03:00,3.067,71.2,19.0,24.58
2025-10-03T12:43:58+03:00,3.068,71.0,19.0,24.47
2025-10-03T12:53:58+03:00,3.067,71.3,19.0,24.45
2025-10-03T13:00:29+03:00,3.068,71.2,20.0,24.45
2025-10-03T13:03:18+03:00,3.067,70.9,26.0,24.51
2025-10-03T13:03:58+03:00,3.069,71.2,45.0,24.53
2025-10-03T13:12:18+03:00,3.067,71.1,51.0,24.41
2025-10-03T13:13:58+03:00,3.068,71.4,56.0,24.37
2025-10-03T13:14:19+03:00,3.067,71.3,57.0,24.38
2025-10-03T13:17:36+03:00,3.068,71.0,76.0,24.31
2025-10-03T13:19:41+03:00,3.067,71.2,99.0,24.32
2025-10-03T13:21:43+03:00,3.069,71.5,117.0,24.31
2025-10-03T13:23:47+03:00,3.067,71.4,133.0,24.32
2025-10-03T13:23:58+03:00,3.068,71.3,134.0,24.34
2025-10-03T13:32:28+03:00,3.068,71.6,151.0,24.38
2025-10-03T13:33:57+03:00,3.067,71.7,155.0,24.42
2025-10-03T13:43:57+03:00,3.068,71.4,155.0,24.53
2025-10-03T13:53:57+03:00,3.068,71.4,155.0,24.55
2025-10-03T14:03:57+03:00,3.069,71.4,155.0,24.62
2025-10-03T14:13:57+03:00,3.068,71.2,155.0,24.68
2025-10-03T14:23:57+03:00,3.068,71.1,155.0,24.74
2025-10-03T14:33:56+03:00,3.07,70.6,155.0,24.79
2025-10-03T14:43:56+03:00,3.068,70.9,155.0,24.83
2025-10-03T14:53:56+03:00,3.069,70.4,155.0,24.86
2025-10-03T15:03:56+03:00,3.069,70.3,155.0,24.9
2025-10-03T15:13:56+03:00,3.069,70.3,155.0,24.95
2025-10-03T15:23:55+03:00,3.07,70.0,155.0,25.03
2025-10-03T15:33:55+03:00,3.068,70.2,155.0,25.09
2025-10-03T15:43:55+03:00,3.07,70.1,155.0,25.14
2025-10-03T16:03:55+03:00,3.068,69.8,155.0,25.24
2025-10-03T16:13:55+03:00,3.069,69.6,155.0,25.31
2025-10-03T16:23:54+03:00,3.069,69.3,155.0,25.36
2025-10-03T16:33:54+03:00,3.071,68.9,155.0,25.41
2025-10-03T16:43:54+03:00,3.069,68.3,155.0,25.45
2025-10-03T16:53:54+03:00,3.068,68.0,155.0,25.5
2025-10-03T17:03:54+03:00,3.07,67.7,155.0,25.54
2025-10-03T17:13:54+03:00,3.069,68.1,155.0,25.52
2025-10-03T17:23:53+03:00,3.069,68.8,155.0,25.52
2025-10-03T17:33:53+03:00,3.068,68.2,155.0,25.54
2025-10-03T17:43:53+03:00,3.07,68.8,155.0,25.54
2025-10-03T17:53:53+03:00,3.069,67.7,155.0,25.54
2025-10-03T18:03:53+03:00,3.07,66.0,155.0,25.56
2025-10-03T18:13:53+03:00,3.067,66.0,155.0,25.57
2025-10-03T18:23:52+03:00,3.069,66.2,155.0,25.56
2025-10-03T18:33:52+03:00,3.071,66.5,155.0,25.56
2025-10-03T18:43:52+03:00,3.068,66.7,155.0,25.48
2025-10-03T18:53:52+03:00,3.071,67.4,155.0,25.45
2025-10-03T19:03:52+03:00,3.069,66.8,155.0,25.45
2025-10-03T19:13:51+03:00,3.07,65.1,155.0,25.44
2025-10-03T19:23:51+03:00,3.07,64.5,155.0,25.44
2025-10-03T19:33:51+03:00,3.069,63.7,155.0,25.41
2025-10-03T19:43:51+03:00,3.071,63.3,155.0,25.42
2025-10-03T19:53:51+03:00,3.071,64.0,155.0,25.41
2025-10-03T20:03:51+03:00,3.07,64.6,155.0,25.38
2025-10-03T20:13:50+03:00,3.07,65.7,155.0,25.36
2025-10-03T20:23:50+03:00,3.07,66.7,155.0,25.31
2025-10-03T20:33:50+03:00,3.07,67.5,155.0,25.3
2025-10-03T20:38:24+03:00,3.07,67.6,156.0,25.29
2025-10-03T20:40:49+03:00,3.071,68.1,167.0,25.29
2025-10-03T20:43:29+03:00,3.07,68.0,182.0,25.27
2025-10-03T20:43:50+03:00,3.071,68.0,182.0,25.29
2025-10-03T20:45:29+03:00,3.07,68.2,184.0,25.26
2025-10-03T20:47:31+03:00,3.07,68.2,191.0,25.27
2025-10-03T20:53:50+03:00,3.069,68.0,191.0,25.23
2025-10-03T21:03:50+03:00,3.071,68.6,191.0,25.13
2025-10-03T21:13:49+03:00,3.069,68.5,191.0,25.08
2025-10-03T21:23:49+03:00,3.069,69.0,191.0,25.1
2025-10-03T21:33:49+03:00,3.069,67.7,191.0,25.05
2025-10-03T21:43:49+03:00,3.069,65.4,191.0,24.89
2025-10-03T21:53:49+03:00,3.07,65.9,191.0,24.69
2025-10-03T22:03:49+03:00,3.07,66.5,191.0,24.68
2025-10-03T22:13:48+03:00,3.07,67.7,191.0,24.58
2025-10-03T22:23:48+03:00,3.071,69.3,191.0,24.69
2025-10-03T22:33:48+03:00,3.071,69.4,191.0,24.75
2025-10-03T22:43:48+03:00,3.07,70.1,191.0,24.81
2025-10-03T22:48:22+03:00,3.069,70.1,192.0,24.81
2025-10-03T22:53:48+03:00,3.07,70.1,193.0,24.85
2025-10-03T22:55:59+03:00,3.07,70.2,194.0,24.82
2025-10-03T23:03:47+03:00,3.07,70.0,195.0,24.81
2025-10-03T23:12:07+03:00,3.071,69.8,196.0,24.82
2025-10-03T23:13:47+03:00,3.071,69.8,197.0,24.83
2025-10-03T23:16:09+03:00,3.071,69.9,198.0,24.83
2025-10-03T23:18:11+03:00,3.071,69.8,219.0,24.85
2025-10-03T23:20:12+03:00,3.07,69.9,227.0,24.83
2025-10-04T01:38:57+03:00,3.07,69.3,672.0,24.72
2025-10-05T03:03:15+03:00,3.075,71.4,2347.0,25.13
2025-10-05T03:13:15+03:00,3.073,71.4,2347.0,25.1
2025-10-05T03:23:15+03:00,3.073,71.4,2347.0,25.09
2025-10-05T03:33:15+03:00,3.073,71.4,2347.0,25.06
2025-10-05T03:43:14+03:00,3.073,71.5,2347.0,25.02
2025-10-05T03:48:57+03:00,3.073,71.5,2348.0,25.05
2025-10-05T03:53:14+03:00,3.074,71.7,2357.0,25.03
2025-10-05T04:03:14+03:00,3.075,71.9,2357.0,25.02
2025-10-05T04:13:14+03:00,3.073,71.0,2357.0,24.99
2025-10-05T04:23:14+03:00,3.074,71.0,2357.0,24.99
2025-10-05T04:33:13+03:00,3.073,71.2,2357.0,24.95
2025-10-05T04:43:13+03:00,3.073,70.1,2357.0,24.95
2025-10-05T04:53:13+03:00,3.074,69.7,2357.0,24.92
2025-10-05T05:03:13+03:00,3.075,69.6,2357.0,24.9
2025-10-05T05:04:19+03:00,3.075,69.6,2358.0,24.92
2025-10-05T05:13:13+03:00,3.075,69.4,2358.0,24.89
2025-10-05T05:23:13+03:00,3.074,69.4,2358.0,24.83
2025-10-05T05:33:12+03:00,3.075,69.0,2358.0,24.79
2025-10-05T05:43:12+03:00,3.075,69.0,2358.0,24.81
2025-10-05T05:52:51+03:00,3.075,69.1,2359.0,24.76
2025-10-05T05:53:12+03:00,3.075,69.1,2359.0,24.75
2025-10-05T06:03:12+03:00,3.073,69.1,2359.0,24.74
2025-10-05T06:03:15+03:00,3.075,71.4,2347.0,25.13
2025-10-05T06:13:12+03:00,3.075,69.4,2359.0,24.74
2025-10-05T06:13:15+03:00,3.073,71.4,2347.0,25.1
2025-10-05T06:16:16+03:00,3.073,69.4,2360.0,24.74
2025-10-05T06:23:12+03:00,3.076,69.6,2361.0,24.76
2025-10-05T06:23:15+03:00,3.073,71.4,2347.0,25.09
2025-10-05T06:33:11+03:00,3.076,69.6,2361.0,24.72
2025-10-05T06:33:15+03:00,3.073,71.4,2347.0,25.06
2025-10-05T06:43:11+03:00,3.076,69.7,2361.0,24.71
2025-10-05T06:43:14+03:00,3.073,71.5,2347.0,25.02
2025-10-05T06:48:57+03:00,3.073,71.5,2348.0,25.05
2025-10-05T06:53:11+03:00,3.074,69.8,2361.0,24.69
2025-10-05T06:53:14+03:00,3.074,71.7,2357.0,25.03
2025-10-05T07:03:11+03:00,3.074,70.3,2361.0,24.68
2025-10-05T07:03:14+03:00,3.075,71.9,2357.0,25.02
2025-10-05T07:05:56+03:00,3.074,70.4,2362.0,24.69
2025-10-05T07:13:11+03:00,3.074,70.3,2362.0,24.68
2025-10-05T07:13:14+03:00,3.073,71.0,2357.0,24.99
2025-10-05T07:20:28+03:00,3.073,70.4,2363.0,24.66
2025-10-05T07:22:57+03:00,3.074,70.8,2364.0,24.68
2025-10-05T07:23:11+03:00,3.075,70.8,2367.0,24.68
2025-10-05T07:23:14+03:00,3.074,71.0,2357.0,24.99
2025-10-05T07:28:20+03:00,3.074,70.7,2372.0,24.69
2025-10-05T07:33:10+03:00,3.074,70.8,2375.0,24.68
2025-10-05T07:33:13+03:00,3.073,71.2,2357.0,24.95
2025-10-05T07:40:48+03:00,3.076,70.8,2376.0,24.64
2025-10-05T07:43:10+03:00,3.076,70.8,2376.0,24.64
2025-10-05T07:43:13+03:00,3.073,70.1,2357.0,24.95
2025-10-05T07:43:44+03:00,3.073,70.7,2377.0,24.66
2025-10-05T07:49:07+03:00,3.073,70.9,2378.0,24.66
2025-10-05T07:51:22+03:00,3.075,71.0,2390.0,24.65
2025-10-05T07:53:10+03:00,3.074,70.9,2393.0,24.65
2025-10-05T07:53:13+03:00,3.074,69.7,2357.0,24.92
2025-10-05T07:53:30+03:00,3.075,70.9,2398.0,24.68
2025-10-05T07:55:31+03:00,3.073,70.9,2405.0,24.68
2025-10-05T07:57:31+03:00,3.073,71.1,2415.0,24.66
2025-10-05T08:03:10+03:00,3.076,71.3,2417.0,24.65
2025-10-05T08:03:13+03:00,3.075,69.6,2357.0,24.9
2025-10-05T08:04:19+03:00,3.075,69.6,2358.0,24.92
2025-10-05T08:05:19+03:00,3.075,71.3,2418.0,24.66
2025-10-05T08:10:39+03:00,3.074,71.4,2426.0,24.68
2025-10-05T08:12:51+03:00,3.074,71.5,2432.0,24.65
2025-10-05T08:13:10+03:00,3.073,71.5,2435.0,24.69
2025-10-05T08:13:13+03:00,3.075,69.4,2358.0,24.89
2025-10-05T08:15:51+03:00,3.074,71.6,2445.0,24.71
2025-10-05T08:17:51+03:00,3.074,71.4,2448.0,24.69
2025-10-05T08:19:57+03:00,3.073,71.5,2465.0,24.69
2025-10-05T08:22:03+03:00,3.072,71.3,2493.0,24.71
2025-10-05T08:23:10+03:00,3.074,71.1,2508.0,24.72
2025-10-05T08:23:13+03:00,3.074,69.4,2358.0,24.83
2025-10-05T08:24:05+03:00,3.075,71.0,2517.0,24.72
2025-10-05T08:26:46+03:00,3.076,70.7,2519.0,24.72
2025-10-05T08:29:06+03:00,3.074,70.7,2525.0,24.71
2025-10-05T08:33:09+03:00,3.072,70.7,2535.0,24.69
2025-10-05T08:33:12+03:00,3.075,69.0,2358.0,24.79
2025-10-05T08:43:09+03:00,3.074,70.8,2535.0,24.64
2025-10-05T08:43:12+03:00,3.075,69.0,2358.0,24.81
2025-10-05T08:45:47+03:00,3.074,70.7,2536.0,24.65
2025-10-05T08:48:19+03:00,3.075,70.8,2540.0,24.64
2025-10-05T08:52:51+03:00,3.075,69.1,2359.0,24.76
2025-10-05T08:53:09+03:00,3.074,71.3,2544.0,24.64
2025-10-05T08:53:12+03:00,3.075,69.1,2359.0,24.75
2025-10-05T08:57:54+03:00,3.075,71.5,2545.0,24.65
2025-10-05T09:01:00+03:00,3.074,71.6,2549.0,24.65
2025-10-05T09:03:09+03:00,3.075,71.8,2553.0,24.66
2025-10-05T09:03:12+03:00,3.073,69.1,2359.0,24.74
2025-10-05T09:13:09+03:00,3.074,72.1,2553.0,24.71
2025-10-05T09:13:12+03:00,3.075,69.4,2359.0,24.74
2025-10-05T09:13:16+03:00,3.073,72.0,2554.0,24.71
2025-10-05T09:15:15+03:00,3.074,71.9,2570.0,24.72
2025-10-05T09:16:16+03:00,3.073,69.4,2360.0,24.74
2025-10-05T09:17:17+03:00,3.073,71.7,2582.0,24.74
2025-10-05T09:19:38+03:00,3.074,71.5,2600.0,24.76
2025-10-05T09:23:08+03:00,3.074,70.7,2612.0,24.81
2025-10-05T09:23:12+03:00,3.076,69.6,2361.0,24.76
2025-10-05T09:27:09+03:00,3.074,71.0,2613.0,24.78
2025-10-05T09:29:20+03:00,3.074,71.0,2617.0,24.79
2025-10-05T09:31:28+03:00,3.075,70.9,2624.0,24.82
2025-10-05T09:33:08+03:00,3.073,71.0,2638.0,24.79
2025-10-05T09:33:11+03:00,3.076,69.6,2361.0,24.72
2025-10-05T09:36:40+03:00,3.074,71.3,2641.0,24.79
2025-10-05T09:43:11+03:00,3.076,69.7,2361.0,24.71
2025-10-05T09:53:11+03:00,3.074,69.8,2361.0,24.69
2025-10-05T10:03:11+03:00,3.074,70.3,2361.0,24.68
2025-10-05T10:05:56+03:00,3.074,70.4,2362.0,24.69
2025-10-05T10:13:11+03:00,3.074,70.3,2362.0,24.68
2025-10-05T10:20:28+03:00,3.073,70.4,2363.0,24.66
2025-10-05T10:22:57+03:00,3.074,70.8,2364.0,24.68
2025-10-05T10:23:11+03:00,3.075,70.8,2367.0,24.68
2025-10-05T10:28:20+03:00,3.074,70.7,2372.0,24.69
2025-10-05T10:33:10+03:00,3.074,70.8,2375.0,24.68
2025-10-05T10:40:48+03:00,3.076,70.8,2376.0,24.64
2025-10-05T10:43:10+03:00,3.076,70.8,2376.0,24.64
2025-10-05T10:43:44+03:00,3.073,70.7,2377.0,24.66
2025-10-05T10:49:07+03:00,3.073,70.9,2378.0,24.66
2025-10-05T10:51:22+03:00,3.075,71.0,2390.0,24.65
2025-10-05T10:53:10+03:00,3.074,70.9,2393.0,24.65
2025-10-05T10:53:30+03:00,3.075,70.9,2398.0,24.68
2025-10-05T10:55:31+03:00,3.073,70.9,2405.0,24.68
2025-10-05T10:57:31+03:00,3.073,71.1,2415.0,24.66
2025-10-05T11:03:10+03:00,3.076,71.3,2417.0,24.65
2025-10-05T11:05:19+03:00,3.075,71.3,2418.0,24.66
2025-10-05T11:10:39+03:00,3.074,71.4,2426.0,24.68
2025-10-05T11:12:51+03:00,3.074,71.5,2432.0,24.65
2025-10-05T11:13:10+03:00,3.073,71.5,2435.0,24.69
2025-10-05T11:15:51+03:00,3.074,71.6,2445.0,24.71
2025-10-05T11:17:51+03:00,3.074,71.4,2448.0,24.69
2025-10-05T11:19:57+03:00,3.073,71.5,2465.0,24.69
2025-10-05T11:22:03+03:00,3.072,71.3,2493.0,24.71
2025-10-05T11:23:06+03:00,3.074,72.6,2780.0,24.65
2025-10-05T11:23:10+03:00,3.074,71.1,2508.0,24.72
2025-10-05T11:24:05+03:00,3.075,71.0,2517.0,24.72
2025-10-05T11:25:35+03:00,3.075,72.5,2781.0,24.65
2025-10-05T11:26:46+03:00,3.076,70.7,2519.0,24.72
2025-10-05T11:28:18+03:00,3.073,72.3,2788.0,24.71
2025-10-05T11:29:06+03:00,3.074,70.7,2525.0,24.71
2025-10-05T11:31:50+03:00,3.074,72.4,2795.0,24.72
2025-10-05T11:33:06+03:00,3.074,72.7,2803.0,24.78
2025-10-05T11:33:09+03:00,3.072,70.7,2535.0,24.69
2025-10-05T11:34:28+03:00,3.073,72.7,2804.0,24.78
2025-10-05T11:37:39+03:00,3.074,73.0,2814.0,24.85
2025-10-05T11:43:06+03:00,3.075,73.3,2820.0,24.95
2025-10-05T11:43:09+03:00,3.074,70.8,2535.0,24.64
2025-10-05T11:45:47+03:00,3.074,70.7,2536.0,24.65
2025-10-05T11:48:19+03:00,3.075,70.8,2540.0,24.64
2025-10-05T11:53:06+03:00,3.072,72.3,2820.0,25.09
2025-10-05T11:53:09+03:00,3.074,71.3,2544.0,24.64
2025-10-05T11:57:54+03:00,3.075,71.5,2545.0,24.65
2025-10-05T12:01:00+03:00,3.074,71.6,2549.0,24.65
2025-10-05T12:01:21+03:00,3.074,71.3,2821.0,25.13
2025-10-05T12:03:06+03:00,3.074,71.0,2823.0,25.16
2025-10-05T12:03:09+03:00,3.075,71.8,2553.0,24.66
2025-10-05T12:13:05+03:00,3.075,70.7,2823.0,25.26
2025-10-05T12:13:09+03:00,3.074,72.1,2553.0,24.71
2025-10-05T12:13:16+03:00,3.073,72.0,2554.0,24.71
2025-10-05T12:15:15+03:00,3.074,71.9,2570.0,24.72
2025-10-05T12:17:17+03:00,3.073,71.7,2582.0,24.74
2025-10-05T12:19:38+03:00,3.074,71.5,2600.0,24.76
2025-10-05T12:23:05+03:00,3.074,71.5,2823.0,25.36
2025-10-05T12:23:08+03:00,3.074,70.7,2612.0,24.81
2025-10-05T12:27:09+03:00,3.074,71.0,2613.0,24.78
2025-10-05T12:29:20+03:00,3.074,71.0,2617.0,24.79
2025-10-05T12:31:28+03:00,3.075,70.9,2624.0,24.82
2025-10-05T12:33:05+03:00,3.074,70.1,2823.0,25.48
2025-10-05T12:33:08+03:00,3.073,71.0,2638.0,24.79
2025-10-05T12:36:40+03:00,3.074,71.3,2641.0,24.79
2025-10-05T12:43:05+03:00,3.073,70.6,2823.0,25.63
2025-10-05T12:52:57+03:00,3.073,69.2,2824.0,25.69
2025-10-05T12:53:05+03:00,3.074,69.3,2825.0,25.71
2025-10-05T12:55:02+03:00,3.073,69.7,2835.0,25.74
2025-10-05T12:57:07+03:00,3.074,70.2,2839.0,25.78
2025-10-05T13:03:05+03:00,3.074,70.0,2842.0,25.81
2025-10-05T13:13:04+03:00,3.076,70.2,2842.0,25.84
2025-10-05T13:16:14+03:00,3.074,70.1,2843.0,25.82
2025-10-05T13:19:05+03:00,3.073,70.6,2847.0,25.86
2025-10-05T14:23:06+03:00,3.074,72.6,2780.0,24.65
2025-10-05T14:25:35+03:00,3.075,72.5,2781.0,24.65
2025-10-05T14:28:18+03:00,3.073,72.3,2788.0,24.71
2025-10-05T14:31:50+03:00,3.074,72.4,2795.0,24.72
2025-10-05T14:33:06+03:00,3.074,72.7,2803.0,24.78
2025-10-05T14:34:28+03:00,3.073,72.7,2804.0,24.78
2025-10-05T14:37:39+03:00,3.074,73.0,2814.0,24.85
2025-10-05T14:43:06+03:00,3.075,73.3,2820.0,24.95
2025-10-05T14:53:06+03:00,3.072,72.3,2820.0,25.09
2025-10-05T15:01:21+03:00,3.074,71.3,2821.0,25.13
2025-10-05T15:03:06+03:00,3.074,71.0,2823.0,25.16
2025-10-05T15:13:05+03:00,3.075,70.7,2823.0,25.26
2025-10-05T15:23:05+03:00,3.074,71.5,2823.0,25.36
2025-10-05T15:33:05+03:00,3.074,70.1,2823.0,25.48
2025-10-05T15:43:05+03:00,3.073,70.6,2823.0,25.63
2025-10-05T15:52:57+03:00,3.073,69.2,2824.0,25.69
2025-10-05T15:53:05+03:00,3.074,69.3,2825.0,25.71
2025-10-05T15:55:02+03:00,3.073,69.7,2835.0,25.74
2025-10-05T15:57:07+03:00,3.074,70.2,2839.0,25.78
2025-10-05T16:03:05+03:00,3.074,70.0,2842.0,25.81
2025-10-05T16:13:04+03:00,3.076,70.2,2842.0,25.84
2025-10-05T16:16:14+03:00,3.074,70.1,2843.0,25.82
2025-10-05T16:19:05+03:00,3.073,70.6,2847.0,25.86
2025-10-05T19:22:58+03:00,3.075,70.3,3595.0,24.69
2025-10-05T19:32:58+03:00,3.076,70.1,3595.0,24.65
2025-10-05T19:42:58+03:00,3.074,70.7,3595.0,24.65
2025-10-05T19:45:56+03:00,3.076,70.8,3596.0,24.64
2025-10-05T19:48:02+03:00,3.074,70.7,3610.0,24.61
2025-10-05T19:50:04+03:00,3.075,71.2,3624.0,24.61
2025-10-05T19:52:04+03:00,3.075,71.4,3652.0,24.59
2025-10-05T19:52:57+03:00,3.077,71.5,3661.0,24.62
2025-10-05T19:54:05+03:00,3.073,71.6,3669.0,24.61
2025-10-05T19:56:11+03:00,3.075,71.7,3695.0,24.65
2025-10-05T19:58:12+03:00,3.074,71.8,3702.0,24.66
2025-10-05T20:00:15+03:00,3.076,71.6,3713.0,24.69
2025-10-05T20:02:19+03:00,3.075,71.4,3732.0,24.69
2025-10-05T20:02:57+03:00,3.074,71.4,3737.0,24.72
2025-10-05T20:04:24+03:00,3.075,71.6,3752.0,24.74
2025-10-05T22:22:58+03:00,3.075,70.3,3595.0,24.69
2025-10-05T22:32:58+03:00,3.076,70.1,3595.0,24.65
2025-10-05T22:42:58+03:00,3.074,70.7,3595.0,24.65
2025-10-05T22:45:56+03:00,3.076,70.8,3596.0,24.64
2025-10-05T22:48:02+03:00,3.074,70.7,3610.0,24.61
2025-10-05T22:50:04+03:00,3.075,71.2,3624.0,24.61
2025-10-05T22:52:04+03:00,3.075,71.4,3652.0,24.59
2025-10-05T22:52:57+03:00,3.077,71.5,3661.0,24.62
2025-10-05T22:54:05+03:00,3.073,71.6,3669.0,24.61
2025-10-05T22:56:11+03:00,3.075,71.7,3695.0,24.65
2025-10-05T22:58:12+03:00,3.074,71.8,3702.0,24.66
2025-10-05T23:00:15+03:00,3.076,71.6,3713.0,24.69
2025-10-05T23:02:19+03:00,3.075,71.4,3732.0,24.69
2025-10-05T23:02:57+03:00,3.074,71.4,3737.0,24.72
2025-10-05T23:04:24+03:00,3.075,71.6,3752.0,24.74
2025-10-06T00:12:56+03:00,3.074,70.5,4201.0,24.87
2025-10-06T00:14:29+03:00,3.075,70.6,4221.0,24.9
2025-10-06T00:18:38+03:00,3.074,70.2,4264.0,24.89
2025-10-06T00:20:39+03:00,3.074,70.5,4290.0,24.9
2025-10-06T00:22:41+03:00,3.076,70.5,4308.0,24.9
2025-10-06T00:22:56+03:00,3.074,70.5,4308.0,24.89
2025-10-06T00:24:46+03:00,3.074,70.3,4324.0,24.87
2025-10-06T00:27:54+03:00,3.074,69.8,4338.0,24.9
2025-10-06T00:30:34+03:00,3.074,69.4,4346.0,24.9
2025-10-06T00:32:35+03:00,3.075,69.6,4350.0,24.89
2025-10-06T00:32:56+03:00,3.074,69.5,4351.0,24.89
2025-10-06T00:35:02+03:00,3.073,69.5,4354.0,24.89
2025-10-06T00:37:05+03:00,3.074,69.6,4376.0,24.89
2025-10-06T00:39:07+03:00,3.075,69.5,4384.0,24.9
2025-10-06T00:42:56+03:00,3.075,69.4,4400.0,24.92
2025-10-06T00:45:11+03:00,3.073,69.3,4401.0,24.89
2025-10-06T00:52:50+03:00,3.075,69.4,4412.0,24.86
2025-10-06T00:52:57+03:00,3.075,69.3,4413.0,24.86
2025-10-06T00:56:35+03:00,3.074,69.4,4419.0,24.85
2025-10-06T00:59:17+03:00,3.075,69.5,4422.0,24.85
2025-10-06T01:02:55+03:00,3.074,69.6,4426.0,24.83
2025-10-06T01:03:11+03:00,3.074,69.7,4427.0,24.86
2025-10-06T01:05:55+03:00,3.075,69.8,4428.0,24.83
2025-10-06T01:10:54+03:00,3.073,69.9,4432.0,24.82
2025-10-06T01:12:55+03:00,3.076,70.0,4440.0,24.82
2025-10-06T01:13:02+03:00,3.075,70.1,4441.0,24.82
2025-10-06T01:15:03+03:00,3.074,70.2,4460.0,24.82
2025-10-06T01:17:16+03:00,3.074,69.9,4462.0,24.83
2025-10-06T01:19:20+03:00,3.075,69.8,4465.0,24.85
2025-10-06T01:22:21+03:00,3.074,69.6,4468.0,24.85
2025-10-06T01:22:55+03:00,3.074,69.7,4473.0,24.83
2025-10-06T01:24:24+03:00,3.077,69.8,4489.0,24.86
2025-10-06T01:26:28+03:00,3.075,70.5,4515.0,24.85
2025-10-06T01:28:29+03:00,3.074,70.4,4532.0,24.86
2025-10-06T01:30:29+03:00,3.074,70.2,4550.0,24.87
2025-10-06T01:32:55+03:00,3.076,70.3,4582.0,24.86
2025-10-06T01:34:41+03:00,3.075,70.9,4607.0,24.9
2025-10-06T01:42:54+03:00,3.075,71.0,4607.0,24.85
2025-10-06T01:49:36+03:00,3.076,70.5,4608.0,24.85
2025-10-06T01:52:54+03:00,3.074,70.4,4617.0,24.82
2025-10-06T01:54:02+03:00,3.076,70.6,4618.0,24.82
2025-10-06T01:56:59+03:00,3.075,70.7,4622.0,24.83
2025-10-06T01:59:48+03:00,3.075,70.8,4624.0,24.81
2025-10-06T02:01:58+03:00,3.076,71.3,4632.0,24.81
2025-10-06T02:02:54+03:00,3.073,71.2,4634.0,24.78
2025-10-06T02:07:24+03:00,3.075,71.4,4638.0,24.79
2025-10-06T02:09:34+03:00,3.077,71.3,4640.0,24.81
2025-10-06T02:11:44+03:00,3.075,71.3,4646.0,24.78
2025-10-06T02:12:54+03:00,3.076,71.4,4647.0,24.78
2025-10-06T02:14:30+03:00,3.075,71.2,4648.0,24.76
2025-10-06T02:16:54+03:00,3.076,71.2,4650.0,24.78
2025-10-06T02:22:54+03:00,3.074,70.7,4651.0,24.74
2025-10-06T02:23:29+03:00,3.074,70.7,4652.0,24.75
2025-10-06T02:32:54+03:00,3.076,71.0,4653.0,24.74
2025-10-06T02:37:53+03:00,3.073,70.7,4654.0,24.71
2025-10-06T02:41:59+03:00,3.076,71.3,4655.0,24.69
2025-10-06T02:42:53+03:00,3.075,71.4,4655.0,24.72
2025-10-06T02:49:09+03:00,3.074,71.2,4656.0,24.68
2025-10-06T02:51:57+03:00,3.074,71.2,4661.0,24.68
2025-10-06T02:52:53+03:00,3.075,71.3,4665.0,24.68
2025-10-06T03:02:53+03:00,3.077,71.0,4665.0,24.66
2025-10-06T03:12:53+03:00,3.074,71.3,4665.0,24.64
2025-10-06T03:22:53+03:00,3.074,71.4,4665.0,24.59
2025-10-06T03:32:53+03:00,3.074,71.0,4665.0,24.59
2025-10-06T03:42:52+03:00,3.075,69.9,4665.0,24.47
2025-10-06T03:52:52+03:00,3.074,70.1,4665.0,24.44
2025-10-06T04:02:52+03:00,3.075,70.5,4665.0,24.41
2025-10-06T04:06:49+03:00,3.076,70.7,4666.0,24.38
2025-10-06T04:10:24+03:00,3.077,71.0,4672.0,24.44
2025-10-06T04:12:52+03:00,3.075,71.2,4672.0,24.41
2025-10-06T04:19:06+03:00,3.075,71.3,4673.0,24.44
2025-10-06T04:21:20+03:00,3.075,71.1,4678.0,24.44
2025-10-06T04:22:52+03:00,3.074,70.6,4678.0,24.42
2025-10-06T04:26:44+03:00,3.075,71.1,4679.0,24.44
2025-10-06T04:29:36+03:00,3.075,71.1,4683.0,24.44
2025-10-06T04:32:32+03:00,3.076,70.8,4685.0,24.45
2025-10-06T04:32:52+03:00,3.075,70.9,4686.0,24.44
2025-10-06T04:35:03+03:00,3.075,70.4,4692.0,24.42
2025-10-06T04:42:43+03:00,3.075,70.4,4693.0,24.39
2025-10-06T04:42:51+03:00,3.075,70.4,4693.0,24.39
2025-10-06T04:49:02+03:00,3.075,70.8,4694.0,24.39
2025-10-06T04:52:51+03:00,3.074,70.4,4696.0,24.38
2025-10-06T04:54:27+03:00,3.077,70.1,4697.0,24.38
2025-10-06T05:02:51+03:00,3.075,70.7,4698.0,24.35
2025-10-06T06:02:50+03:00,3.074,71.4,4702.0,24.28
2025-10-06T06:05:48+03:00,3.074,71.3,4703.0,24.3
2025-10-06T06:11:44+03:00,3.075,71.3,4704.0,24.28
2025-10-06T06:12:50+03:00,3.074,71.2,4704.0,24.28
2025-10-06T06:22:50+03:00,3.075,71.6,4704.0,24.26
2025-10-06T06:32:49+03:00,3.075,71.6,4704.0,24.26
2025-10-06T06:42:49+03:00,3.074,71.8,4704.0,24.27
2025-10-06T06:52:49+03:00,3.076,72.0,4704.0,24.26
2025-10-06T07:02:49+03:00,3.076,72.0,4704.0,24.27
2025-10-06T07:02:56+03:00,3.075,72.0,4705.0,24.27
2025-10-06T07:06:46+03:00,3.075,71.9,4707.0,24.27
2025-10-06T07:12:49+03:00,3.075,71.8,4710.0,24.26
2025-10-06T07:22:49+03:00,3.074,71.6,4710.0,24.24
2025-10-06T07:32:48+03:00,3.074,71.8,4710.0,24.2
2025-10-06T07:42:48+03:00,3.076,72.0,4710.0,24.17
2025-10-06T07:49:57+03:00,3.074,72.2,4711.0,24.19
2025-10-06T07:52:48+03:00,3.076,72.3,4712.0,24.19
2025-10-06T08:01:21+03:00,3.074,72.3,4713.0,24.14
2025-10-06T08:02:48+03:00,3.075,72.5,4713.0,24.14
2025-10-06T08:12:48+03:00,3.075,72.7,4713.0,24.13
2025-10-06T08:22:48+03:00,3.074,72.7,4713.0,24.11
2025-10-06T08:32:47+03:00,3.075,72.6,4713.0,24.11
2025-10-06T08:34:05+03:00,3.075,72.6,4714.0,24.09
2025-10-06T08:42:47+03:00,3.075,72.3,4716.0,24.1
2025-10-06T08:52:47+03:00,3.077,72.7,4716.0,24.09
2025-10-06T09:02:47+03:00,3.075,72.7,4716.0,24.07
2025-10-06T09:12:47+03:00,3.075,72.9,4716.0,24.06
2025-10-06T09:18:17+03:00,3.075,72.9,4717.0,24.04
2025-10-06T09:20:46+03:00,3.074,73.2,4718.0,24.06
2025-10-06T09:22:46+03:00,3.074,73.3,4718.0,24.02
2025-10-06T09:25:07+03:00,3.074,73.7,4719.0,24.03
2025-10-06T09:31:58+03:00,3.075,73.8,4720.0,23.97
2025-10-06T09:32:46+03:00,3.074,73.7,4728.0,23.99
2025-10-06T09:34:04+03:00,3.075,74.1,4741.0,23.99
2025-10-06T09:39:10+03:00,3.075,73.3,4747.0,24.0
2025-10-06T09:42:46+03:00,3.076,73.6,4747.0,24.0
2025-10-06T09:45:22+03:00,3.076,73.5,4748.0,23.95
2025-10-06T09:49:29+03:00,3.076,74.3,4783.0,23.95
2025-10-06T09:51:29+03:00,3.076,74.6,4807.0,23.96
2025-10-06T09:53:32+03:00,3.074,74.6,4829.0,23.96
2025-10-06T09:58:02+03:00,3.073,74.6,4847.0,23.97
2025-10-06T10:02:46+03:00,3.075,74.4,4859.0,24.0
2025-10-06T10:05:06+03:00,3.075,74.5,4879.0,24.0
2025-10-06T10:07:29+03:00,3.075,74.3,4885.0,23.96
2025-10-06T10:09:29+03:00,3.075,73.8,4898.0,23.93
2025-10-06T10:22:45+03:00,3.075,73.8,4919.0,23.92
2025-10-06T10:32:45+03:00,3.074,74.4,4919.0,23.82
2025-10-06T10:42:45+03:00,3.075,74.7,4919.0,23.79
2025-10-06T10:52:45+03:00,3.074,75.1,4919.0,23.77
2025-10-06T11:02:45+03:00,3.076,74.9,4919.0,23.77
2025-10-06T11:12:45+03:00,3.076,75.1,4919.0,23.76
2025-10-06T11:22:44+03:00,3.074,75.1,4919.0,23.79
2025-10-06T11:32:44+03:00,3.074,75.2,4919.0,23.83
2025-10-06T11:42:44+03:00,3.075,75.1,4919.0,23.86
2025-10-06T11:52:44+03:00,3.075,75.0,4919.0,23.84
2025-10-06T12:02:44+03:00,3.075,74.7,4919.0,23.82
2025-10-06T12:12:44+03:00,3.075,74.9,4919.0,23.8
2025-10-06T12:22:43+03:00,3.075,74.8,4919.0,23.8
2025-10-06T12:32:43+03:00,3.074,74.8,4919.0,23.79
2025-10-06T12:42:43+03:00,3.075,75.2,4919.0,23.8
2025-10-06T12:52:43+03:00,3.075,75.0,4919.0,23.87
2025-10-06T13:02:43+03:00,3.076,74.7,4919.0,23.92
2025-10-06T13:12:43+03:00,3.076,74.7,4919.0,23.95
2025-10-06T13:22:42+03:00,3.075,74.4,4919.0,23.97
2025-10-06T13:32:42+03:00,3.075,74.0,4919.0,24.02
2025-10-06T13:42:42+03:00,3.075,73.8,4919.0,24.06
2025-10-06T13:52:42+03:00,3.076,73.7,4919.0,24.13
2025-10-06T14:02:42+03:00,3.075,73.9,4919.0,24.17
2025-10-06T14:12:41+03:00,3.076,73.5,4919.0,24.23
2025-10-06T14:22:41+03:00,3.074,73.0,4919.0,24.27
2025-10-06T14:32:41+03:00,3.077,73.1,4919.0,24.31
2025-10-06T14:42:41+03:00,3.076,73.0,4919.0,24.39
2025-10-06T14:52:41+03:00,3.075,72.8,4919.0,24.42
2025-10-06T15:02:41+03:00,3.075,72.6,4919.0,24.47
2025-10-06T15:12:40+03:00,3.076,72.1,4919.0,24.54
2025-10-06T15:22:40+03:00,3.077,72.1,4919.0,24.54
2025-10-06T15:32:40+03:00,3.075,71.9,4919.0,24.61
2025-10-06T15:42:40+03:00,3.076,72.1,4919.0,24.62
2025-10-06T15:52:40+03:00,3.077,72.5,4919.0,24.65
2025-10-06T16:02:40+03:00,3.076,73.0,4919.0,24.71
2025-10-06T16:12:39+03:00,3.074,72.9,4919.0,24.74
2025-10-06T16:22:39+03:00,3.077,71.8,4919.0,24.76
2025-10-06T16:32:39+03:00,3.075,70.9,4919.0,24.74
2025-10-06T16:42:39+03:00,3.075,71.7,4919.0,24.64
2025-10-06T16:52:39+03:00,3.075,72.5,4919.0,24.64
2025-10-06T17:02:39+03:00,3.076,72.3,4919.0,24.51
2025-10-06T17:12:38+03:00,3.076,72.9,4919.0,24.26
2025-10-06T17:22:38+03:00,3.076,73.3,4919.0,24.09
2025-10-06T17:32:38+03:00,3.076,73.4,4919.0,24.17
2025-10-06T17:42:38+03:00,3.076,73.6,4919.0,24.23
2025-10-06T17:52:38+03:00,3.076,72.8,4919.0,24.2
2025-10-06T18:02:38+03:00,3.076,72.4,4919.0,24.14
2025-10-06T18:12:37+03:00,3.076,71.7,4919.0,24.17
2025-10-06T18:22:37+03:00,3.076,70.2,4919.0,24.1
2025-10-06T18:32:37+03:00,3.076,70.4,4919.0,24.0
2025-10-06T18:42:37+03:00,3.076,70.7,4919.0,24.03
2025-10-06T18:52:37+03:00,3.075,70.3,4919.0,24.04
2025-10-06T19:02:36+03:00,3.076,70.7,4919.0,23.99
2025-10-06T19:12:36+03:00,3.076,71.7,4919.0,23.83
2025-10-06T23:42:32+03:00,3.077,74.9,4919.0,24.1
2025-10-07T22:22:08+03:00,3.075,70.4,5868.0,24.89
2025-10-07T22:32:08+03:00,3.077,70.8,5868.0,24.76
2025-10-09T16:11:24+03:00,3.08,66.6,7064.0,25.2
2025-10-09T16:21:24+03:00,3.079,67.2,7064.0,25.23
2025-10-09T16:31:24+03:00,3.077,67.5,7064.0,25.27
2025-10-09T16:41:24+03:00,3.078,67.3,7064.0,25.36
2025-10-09T16:51:23+03:00,3.079,67.8,7064.0,25.37
2025-10-09T17:01:23+03:00,3.079,67.7,7064.0,25.45
2025-10-09T17:11:23+03:00,3.079,67.6,7064.0,25.48
2025-10-09T17:21:23+03:00,3.078,67.6,7064.0,25.56
2025-10-09T17:31:23+03:00,3.078,66.7,7064.0,25.58
2025-10-09T17:41:23+03:00,3.079,66.5,7064.0,25.64
2025-10-09T17:51:22+03:00,3.08,65.8,7064.0,25.63
2025-10-09T18:01:22+03:00,3.078,65.6,7064.0,25.65
2025-10-09T18:11:22+03:00,3.079,65.3,7064.0,25.69
2025-10-09T18:21:22+03:00,3.079,65.2,7064.0,25.72
2025-10-09T18:31:22+03:00,3.079,65.3,7064.0,25.72
2025-10-09T18:41:22+03:00,3.076,65.3,7064.0,25.72
2025-10-09T18:51:21+03:00,3.078,65.6,7064.0,25.76
2025-10-09T19:01:21+03:00,3.08,65.8,7064.0,25.75
2025-10-09T19:11:21+03:00,3.078,65.4,7064.0,25.78
2025-10-09T19:21:21+03:00,3.079,65.3,7064.0,25.78
2025-10-09T19:31:21+03:00,3.076,65.2,7064.0,25.82
2025-10-09T19:41:20+03:00,3.08,64.6,7064.0,25.81
2025-10-09T19:51:20+03:00,3.079,64.1,7064.0,25.81
2025-10-09T20:01:20+03:00,3.08,64.0,7064.0,25.82
2025-10-09T20:11:20+03:00,3.08,64.2,7064.0,25.82
2025-10-09T20:21:20+03:00,3.079,63.8,7064.0,25.82
2025-10-09T20:31:20+03:00,3.079,63.9,7064.0,25.81
2025-10-09T20:41:19+03:00,3.079,64.3,7064.0,25.81
2025-10-09T20:51:19+03:00,3.079,64.0,7064.0,25.76
2025-10-09T21:01:19+03:00,3.079,63.5,7064.0,25.76
2025-10-09T21:11:19+03:00,3.079,63.7,7064.0,25.75
2025-10-09T21:21:19+03:00,3.078,64.0,7064.0,25.71
2025-10-09T21:31:19+03:00,3.08,64.1,7064.0,25.67
2025-10-09T21:41:18+03:00,3.079,64.4,7064.0,25.64
2025-10-09T21:51:18+03:00,3.08,64.7,7064.0,25.54
2025-10-09T22:01:18+03:00,3.08,65.0,7064.0,25.56
2025-10-09T22:11:18+03:00,3.079,65.6,7064.0,25.56
2025-10-09T22:21:18+03:00,3.078,65.9,7064.0,25.6
2025-10-09T22:31:18+03:00,3.078,66.4,7064.0,25.56
2025-10-09T22:41:17+03:00,3.08,66.4,7064.0,25.57
2025-10-09T22:51:17+03:00,3.079,66.6,7064.0,25.6
2025-10-09T23:01:17+03:00,3.079,66.7,7064.0,25.6
2025-10-09T23:11:17+03:00,3.08,66.8,7064.0,25.61
2025-10-09T23:21:17+03:00,3.079,67.1,7064.0,25.64
2025-10-09T23:31:16+03:00,3.079,67.3,7064.0,25.69
2025-10-09T23:41:16+03:00,3.079,67.3,7064.0,25.65
2025-10-09T23:51:16+03:00,3.079,67.1,7064.0,25.64
2025-10-10T00:01:16+03:00,3.08,67.1,7064.0,25.65
2025-10-10T00:11:16+03:00,3.08,67.7,7064.0,25.68
2025-10-10T00:21:16+03:00,3.079,68.0,7064.0,25.68
2025-10-10T00:31:15+03:00,3.08,67.7,7064.0,25.68
2025-10-10T00:41:15+03:00,3.079,68.2,7064.0,25.67
2025-10-10T00:51:15+03:00,3.078,69.0,7064.0,25.68
2025-10-10T01:01:15+03:00,3.08,68.7,7064.0,25.68
2025-10-10T01:11:15+03:00,3.08,68.0,7064.0,25.67
2025-10-10T01:21:15+03:00,3.078,68.7,7064.0,25.67
2025-10-10T01:31:14+03:00,3.08,69.1,7064.0,25.69
2025-10-10T01:41:14+03:00,3.08,69.2,7064.0,25.65
2025-10-10T01:51:14+03:00,3.079,68.8,7064.0,25.65
2025-10-10T02:01:14+03:00,3.081,68.8,7064.0,25.63
2025-10-10T02:11:14+03:00,3.08,69.3,7064.0,25.63
2025-10-10T02:21:13+03:00,3.079,69.5,7064.0,25.63
2025-10-10T02:31:13+03:00,3.079,69.1,7064.0,25.6
2025-10-10T02:41:13+03:00,3.079,69.4,7064.0,25.6
2025-10-10T02:51:13+03:00,3.08,69.3,7064.0,25.6
2025-10-10T03:01:13+03:00,3.08,69.3,7064.0,25.57
2025-10-10T03:11:13+03:00,3.08,69.2,7064.0,25.52
2025-10-10T03:21:12+03:00,3.08,69.4,7064.0,25.51
2025-10-10T03:31:12+03:00,3.08,69.4,7064.0,25.5
2025-10-10T03:41:12+03:00,3.08,69.7,7064.0,25.47
2025-10-10T03:51:12+03:00,3.081,69.8,7064.0,25.41
2025-10-10T04:01:12+03:00,3.08,70.1,7064.0,25.38
2025-10-10T04:11:12+03:00,3.079,69.5,7064.0,25.36
2025-10-10T04:21:11+03:00,3.08,70.0,7064.0,25.33
2025-10-10T04:31:11+03:00,3.08,70.0,7064.0,25.31
2025-10-10T04:41:11+03:00,3.079,69.8,7064.0,25.3
2025-10-10T04:51:11+03:00,3.08,69.9,7064.0,25.24
2025-10-10T05:01:11+03:00,3.081,69.7,7064.0,25.23
2025-10-10T05:11:11+03:00,3.08,69.1,7064.0,25.17
2025-10-10T05:21:10+03:00,3.079,68.9,7064.0,25.06
2025-10-10T05:31:10+03:00,3.081,69.4,7064.0,24.96
2025-10-10T05:41:10+03:00,3.08,69.7,7064.0,24.96
2025-10-10T05:51:10+03:00,3.08,70.0,7064.0,24.92
2025-10-10T06:01:10+03:00,3.08,70.2,7064.0,24.9
2025-10-10T06:11:10+03:00,3.08,70.3,7064.0,24.89
2025-10-10T06:21:09+03:00,3.082,70.5,7064.0,24.9
2025-10-10T06:31:09+03:00,3.081,70.7,7064.0,24.89
2025-10-10T06:41:09+03:00,3.079,70.8,7064.0,24.89
2025-10-10T06:51:09+03:00,3.08,70.8,7064.0,24.89
2025-10-10T07:01:09+03:00,3.08,71.1,7064.0,24.9
2025-10-10T07:11:08+03:00,3.079,71.5,7064.0,24.92
2025-10-10T07:21:08+03:00,3.081,71.4,7064.0,24.9
2025-10-10T07:31:08+03:00,3.078,71.7,7064.0,24.9
2025-10-10T07:41:08+03:00,3.079,71.6,7064.0,24.87
2025-10-10T07:51:08+03:00,3.079,71.3,7064.0,24.87
2025-10-10T08:01:08+03:00,3.079,71.1,7064.0,24.86
2025-10-10T08:11:07+03:00,3.079,71.2,7064.0,24.86
2025-10-10T08:21:07+03:00,3.081,71.1,7064.0,24.83
2025-10-10T08:31:07+03:00,3.079,71.0,7064.0,24.85
2025-10-10T08:41:07+03:00,3.081,71.1,7064.0,24.81
2025-10-10T05:51:07.196094+03:00,3.081,71.4,7064.0,24.81
2025-10-10T06:01:07.067499+03:00,3.08,71.0,7064.0,24.79
2025-10-10T06:11:06.903042+03:00,3.081,71.3,7064.0,24.75
2025-10-10T08:51:07+03:00,3.081,71.4,7064.0,24.81
2025-10-10T09:01:07+03:00,3.08,71.0,7064.0,24.79
2025-10-10T09:11:06+03:00,3.081,71.3,7064.0,24.75
2025-10-11T15:02:22+03:00,,,,
2025-10-11T15:04:51+03:00,,,,
2025-10-10T11:41:01.115834+03:00,3.081,65.6,7091.0,26.24
2025-10-10T11:51:00.932362+03:00,3.079,65.8,7091.0,26.2
2025-10-10T12:01:00.747924+03:00,3.08,66.3,7091.0,26.2
2025-10-10T12:11:00.576093+03:00,3.079,66.4,7091.0,26.19
2025-10-10T12:21:00.416707+03:00,3.08,66.8,7091.0,26.22
2025-10-10T12:31:00.228443+03:00,3.079,67.2,7091.0,26.15
2025-10-10T12:41:00.045021+03:00,3.08,67.1,7091.0,26.06
2025-10-10T12:50:59.885542+03:00,3.079,66.5,7091.0,25.96
2025-10-10T13:00:59.714132+03:00,3.08,66.8,7091.0,25.91
2025-10-10T13:10:59.542555+03:00,3.08,66.4,7091.0,25.89
2025-10-10T13:20:59.382348+03:00,3.08,66.2,7091.0,25.88
2025-10-10T13:30:59.241200+03:00,3.08,65.2,7091.0,25.88
2025-10-10T13:40:59.026603+03:00,3.079,64.6,7091.0,25.88
2025-10-10T13:50:58.848175+03:00,3.081,64.3,7091.0,25.85
2025-10-10T14:00:58.676558+03:00,3.08,65.2,7091.0,25.85
2025-10-10T14:10:58.504403+03:00,3.079,66.7,7091.0,25.84
2025-10-10T14:20:58.322505+03:00,3.08,67.1,7091.0,25.85
2025-10-10T14:30:58.138002+03:00,3.079,67.5,7091.0,25.88
2025-10-10T14:40:57.970596+03:00,3.081,67.9,7091.0,25.89
2025-10-10T14:50:57.819308+03:00,3.08,68.4,7091.0,25.99
2025-10-10T15:00:57.612984+03:00,3.08,68.3,7091.0,26.03
2025-10-10T15:10:57.496973+03:00,3.08,68.0,7091.0,26.06
2025-10-10T15:20:57.322276+03:00,3.08,66.3,7091.0,26.15
2025-10-10T15:30:57.108710+03:00,3.08,64.5,7091.0,26.18
2025-10-10T15:40:56.920559+03:00,3.08,64.3,7091.0,26.22
2025-10-10T15:50:56.750862+03:00,3.08,64.1,7091.0,26.24
2025-10-10T16:00:56.576291+03:00,3.08,63.6,7091.0,26.26
2025-10-10T16:10:56.434488+03:00,3.08,64.0,7091.0,26.26
2025-10-10T16:20:56.257587+03:00,3.081,61.1,7091.0,26.33
2025-10-10T16:30:56.088786+03:00,3.081,61.8,7091.0,26.31
2025-10-10T16:40:55.920078+03:00,3.079,61.7,7091.0,26.29
2025-10-10T16:50:55.765922+03:00,3.08,62.3,7091.0,26.26
2025-10-10T17:00:55.529311+03:00,3.08,62.8,7091.0,26.22
2025-10-10T17:10:55.385650+03:00,3.081,62.8,7091.0,26.24
2025-10-10T17:20:55.196890+03:00,3.08,62.4,7091.0,26.22
2025-10-10T17:30:55.024666+03:00,3.08,62.8,7091.0,26.19
2025-10-10T17:40:54.845034+03:00,3.08,63.3,7091.0,26.19
2025-10-10T17:50:54.670101+03:00,3.081,63.3,7091.0,26.16
2025-10-10T18:00:54.497255+03:00,3.079,63.8,7091.0,26.16
2025-10-10T18:10:54.325176+03:00,3.08,62.9,7091.0,26.11
2025-10-10T18:20:54.173274+03:00,3.079,61.9,7091.0,26.09
2025-10-10T18:30:54.008019+03:00,3.081,59.7,7091.0,26.03
2025-10-10T18:40:53.801192+03:00,3.08,59.8,7091.0,25.95
2025-10-10T18:50:53.637323+03:00,3.08,59.9,7091.0,25.88
2025-10-10T19:00:53.465289+03:00,3.08,61.1,7091.0,25.81
2025-10-10T19:10:53.277852+03:00,3.079,62.2,7091.0,25.79
2025-10-10T19:20:53.118988+03:00,3.08,62.2,7091.0,25.78
2025-10-10T19:30:52.929979+03:00,3.079,62.9,7091.0,25.76
2025-10-10T19:40:52.736920+03:00,3.081,63.7,7091.0,25.74
2025-10-10T19:50:52.580485+03:00,3.079,64.6,7091.0,25.74
2025-10-10T20:00:52.520676+03:00,3.08,64.2,7091.0,25.63
2025-10-10T20:10:52.268807+03:00,3.08,64.5,7091.0,25.58
2025-10-10T20:20:52.065822+03:00,3.08,64.7,7091.0,25.45
2025-10-10T20:30:51.935180+03:00,3.08,65.2,7091.0,25.41
2025-10-10T20:40:51.752997+03:00,3.081,66.2,7091.0,25.38
2025-10-10T20:50:51.573670+03:00,3.08,66.5,7091.0,25.48
2025-10-10T21:00:51.412588+03:00,3.081,67.1,7091.0,25.51
2025-10-10T21:20:51.025878+03:00,3.08,71.4,7091.0,25.61
2025-10-10T21:30:50.846710+03:00,3.081,68.5,7091.0,25.61
2025-10-10T21:40:50.667760+03:00,3.08,69.1,7091.0,25.6
2025-10-10T21:50:50.487670+03:00,3.08,68.8,7091.0,25.61
2025-10-10T22:00:50.311728+03:00,3.08,68.6,7091.0,25.58
2025-10-10T22:10:50.175838+03:00,3.079,68.8,7091.0,25.52
2025-10-10T22:20:50.018005+03:00,3.081,68.7,7091.0,25.52
2025-10-10T22:30:49.819441+03:00,3.079,68.8,7091.0,25.54
2025-10-10T22:40:49.655974+03:00,3.081,68.8,7091.0,25.51
2025-10-10T22:50:49.436087+03:00,3.079,69.1,7091.0,25.48
2025-10-10T23:00:49.269988+03:00,3.081,69.3,7091.0,25.48
2025-10-10T23:10:49.095857+03:00,3.079,69.2,7091.0,25.42
2025-10-10T23:20:48.951815+03:00,3.081,69.7,7091.0,25.47
2025-10-10T23:30:48.749962+03:00,3.081,70.3,7091.0,25.56
2025-10-10T23:40:48.614563+03:00,3.081,70.3,7091.0,25.52
2025-10-10T23:50:48.437818+03:00,3.08,71.0,7091.0,25.56
2025-10-11T00:00:48.262151+03:00,3.08,71.1,7091.0,25.54
2025-10-11T00:10:48.090935+03:00,3.081,71.0,7091.0,25.48
2025-10-11T00:20:47.910644+03:00,3.081,70.4,7091.0,25.42
2025-10-11T00:30:47.731454+03:00,3.079,70.3,7091.0,25.44
2025-10-11T00:40:47.562703+03:00,3.079,70.4,7091.0,25.42
2025-10-11T00:50:47.394169+03:00,3.08,70.4,7091.0,25.38
2025-10-11T01:00:47.220701+03:00,3.08,70.6,7091.0,25.37
2025-10-11T01:10:47.034279+03:00,3.082,71.0,7091.0,25.34
2025-10-11T01:20:46.870439+03:00,3.08,71.1,7091.0,25.34
2025-10-11T01:30:46.681537+03:00,3.08,71.5,7091.0,25.33
2025-10-11T01:40:46.518272+03:00,3.08,71.9,7091.0,25.31
2025-10-11T01:50:46.338980+03:00,3.081,71.3,7091.0,25.29
2025-10-11T02:00:46.160331+03:00,3.082,71.8,7091.0,25.3
2025-10-11T02:10:45.990503+03:00,3.081,72.0,7091.0,25.27
2025-10-11T02:20:45.825994+03:00,3.08,71.7,7091.0,25.3
2025-10-11T02:30:45.649322+03:00,3.079,71.9,7091.0,25.29
2025-10-11T02:40:45.480647+03:00,3.08,72.0,7091.0,25.27
2025-10-11T02:50:45.294209+03:00,3.079,71.9,7091.0,25.24
2025-10-11T03:00:45.130452+03:00,3.081,71.6,7091.0,25.23
2025-10-11T03:10:44.946325+03:00,3.081,71.0,7091.0,25.2
2025-10-11T03:20:44.781398+03:00,3.082,71.4,7091.0,25.16
2025-10-11T03:30:44.604984+03:00,3.08,70.8,7091.0,25.14
2025-10-11T03:40:44.428672+03:00,3.08,71.1,7091.0,25.1
2025-10-11T03:50:44.250367+03:00,3.082,71.1,7091.0,25.12
2025-10-11T04:00:44.061352+03:00,3.081,70.7,7091.0,25.08
2025-10-11T04:10:43.913015+03:00,3.08,70.7,7091.0,25.09
2025-10-11T04:20:43.732003+03:00,3.08,71.2,7091.0,25.08
2025-10-12T11:50:10.838703+03:00,3.082,58.7,7190.0,26.91
